-- MySQL dump 10.13  Distrib 5.5.31, for debian-linux-gnu (x86_64)
--
-- Host: localhost    Database: memorial
-- ------------------------------------------------------
-- Server version	5.5.31-0+wheezy1

/*!40101 SET @OLD_CHARACTER_SET_CLIENT=@@CHARACTER_SET_CLIENT */;
/*!40101 SET @OLD_CHARACTER_SET_RESULTS=@@CHARACTER_SET_RESULTS */;
/*!40101 SET @OLD_COLLATION_CONNECTION=@@COLLATION_CONNECTION */;
/*!40101 SET NAMES utf8 */;
/*!40103 SET @OLD_TIME_ZONE=@@TIME_ZONE */;
/*!40103 SET TIME_ZONE='+00:00' */;
/*!40014 SET @OLD_UNIQUE_CHECKS=@@UNIQUE_CHECKS, UNIQUE_CHECKS=0 */;
/*!40014 SET @OLD_FOREIGN_KEY_CHECKS=@@FOREIGN_KEY_CHECKS, FOREIGN_KEY_CHECKS=0 */;
/*!40101 SET @OLD_SQL_MODE=@@SQL_MODE, SQL_MODE='NO_AUTO_VALUE_ON_ZERO' */;
/*!40111 SET @OLD_SQL_NOTES=@@SQL_NOTES, SQL_NOTES=0 */;

--
-- Table structure for table `auth_group`
--

DROP TABLE IF EXISTS `auth_group`;
/*!40101 SET @saved_cs_client     = @@character_set_client */;
/*!40101 SET character_set_client = utf8 */;
CREATE TABLE `auth_group` (
  `id` int(11) NOT NULL AUTO_INCREMENT,
  `name` varchar(80) NOT NULL,
  PRIMARY KEY (`id`),
  UNIQUE KEY `name` (`name`)
) ENGINE=InnoDB DEFAULT CHARSET=utf8;
/*!40101 SET character_set_client = @saved_cs_client */;

--
-- Dumping data for table `auth_group`
--

LOCK TABLES `auth_group` WRITE;
/*!40000 ALTER TABLE `auth_group` DISABLE KEYS */;
/*!40000 ALTER TABLE `auth_group` ENABLE KEYS */;
UNLOCK TABLES;

--
-- Table structure for table `auth_group_permissions`
--

DROP TABLE IF EXISTS `auth_group_permissions`;
/*!40101 SET @saved_cs_client     = @@character_set_client */;
/*!40101 SET character_set_client = utf8 */;
CREATE TABLE `auth_group_permissions` (
  `id` int(11) NOT NULL AUTO_INCREMENT,
  `group_id` int(11) NOT NULL,
  `permission_id` int(11) NOT NULL,
  PRIMARY KEY (`id`),
  UNIQUE KEY `group_id` (`group_id`,`permission_id`),
  KEY `auth_group_permissions_bda51c3c` (`group_id`),
  KEY `auth_group_permissions_1e014c8f` (`permission_id`),
  CONSTRAINT `group_id_refs_id_3cea63fe` FOREIGN KEY (`group_id`) REFERENCES `auth_group` (`id`),
  CONSTRAINT `permission_id_refs_id_a7792de1` FOREIGN KEY (`permission_id`) REFERENCES `auth_permission` (`id`)
) ENGINE=InnoDB DEFAULT CHARSET=utf8;
/*!40101 SET character_set_client = @saved_cs_client */;

--
-- Dumping data for table `auth_group_permissions`
--

LOCK TABLES `auth_group_permissions` WRITE;
/*!40000 ALTER TABLE `auth_group_permissions` DISABLE KEYS */;
/*!40000 ALTER TABLE `auth_group_permissions` ENABLE KEYS */;
UNLOCK TABLES;

--
-- Table structure for table `auth_permission`
--

DROP TABLE IF EXISTS `auth_permission`;
/*!40101 SET @saved_cs_client     = @@character_set_client */;
/*!40101 SET character_set_client = utf8 */;
CREATE TABLE `auth_permission` (
  `id` int(11) NOT NULL AUTO_INCREMENT,
  `name` varchar(50) NOT NULL,
  `content_type_id` int(11) NOT NULL,
  `codename` varchar(100) NOT NULL,
  PRIMARY KEY (`id`),
  UNIQUE KEY `content_type_id` (`content_type_id`,`codename`),
  KEY `auth_permission_e4470c6e` (`content_type_id`),
  CONSTRAINT `content_type_id_refs_id_728de91f` FOREIGN KEY (`content_type_id`) REFERENCES `django_content_type` (`id`)
) ENGINE=InnoDB AUTO_INCREMENT=70 DEFAULT CHARSET=utf8;
/*!40101 SET character_set_client = @saved_cs_client */;

--
-- Dumping data for table `auth_permission`
--

LOCK TABLES `auth_permission` WRITE;
/*!40000 ALTER TABLE `auth_permission` DISABLE KEYS */;
INSERT INTO `auth_permission` VALUES (1,'Can add permission',1,'add_permission'),(2,'Can change permission',1,'change_permission'),(3,'Can delete permission',1,'delete_permission'),(4,'Can add group',2,'add_group'),(5,'Can change group',2,'change_group'),(6,'Can delete group',2,'delete_group'),(7,'Can add user',3,'add_user'),(8,'Can change user',3,'change_user'),(9,'Can delete user',3,'delete_user'),(10,'Can add content type',4,'add_contenttype'),(11,'Can change content type',4,'change_contenttype'),(12,'Can delete content type',4,'delete_contenttype'),(13,'Can add session',5,'add_session'),(14,'Can change session',5,'change_session'),(15,'Can delete session',5,'delete_session'),(16,'Can add log entry',6,'add_logentry'),(17,'Can change log entry',6,'change_logentry'),(18,'Can delete log entry',6,'delete_logentry'),(19,'Can add migration history',7,'add_migrationhistory'),(20,'Can change migration history',7,'change_migrationhistory'),(21,'Can delete migration history',7,'delete_migrationhistory'),(34,'Can add source',12,'add_source'),(35,'Can change source',12,'change_source'),(36,'Can delete source',12,'delete_source'),(37,'Can add thumbnail',13,'add_thumbnail'),(38,'Can change thumbnail',13,'change_thumbnail'),(39,'Can delete thumbnail',13,'delete_thumbnail'),(40,'Can add category',14,'add_category'),(41,'Can change category',14,'change_category'),(42,'Can delete category',14,'delete_category'),(43,'Can add memorial',15,'add_memorial'),(44,'Can change memorial',15,'change_memorial'),(45,'Can delete memorial',15,'delete_memorial'),(46,'Can add seo article',16,'add_seoarticle'),(47,'Can change seo article',16,'change_seoarticle'),(48,'Can delete seo article',16,'delete_seoarticle'),(49,'Can add ready work',17,'add_readywork'),(50,'Can change ready work',17,'change_readywork'),(51,'Can delete ready work',17,'delete_readywork'),(52,'Can add static page',18,'add_staticpage'),(53,'Can change static page',18,'change_staticpage'),(54,'Can delete static page',18,'delete_staticpage'),(55,'Can add api access',19,'add_apiaccess'),(56,'Can change api access',19,'change_apiaccess'),(57,'Can delete api access',19,'delete_apiaccess'),(58,'Can add api key',20,'add_apikey'),(59,'Can change api key',20,'change_apikey'),(60,'Can delete api key',20,'delete_apikey'),(61,'Can add seo empowered model',21,'add_seoempoweredmodel'),(62,'Can change seo empowered model',21,'change_seoempoweredmodel'),(63,'Can delete seo empowered model',21,'delete_seoempoweredmodel'),(64,'Can add Заказа',22,'add_order'),(65,'Can change Заказа',22,'change_order'),(66,'Can delete Заказа',22,'delete_order'),(67,'Can add reply',23,'add_reply'),(68,'Can change reply',23,'change_reply'),(69,'Can delete reply',23,'delete_reply');
/*!40000 ALTER TABLE `auth_permission` ENABLE KEYS */;
UNLOCK TABLES;

--
-- Table structure for table `auth_user`
--

DROP TABLE IF EXISTS `auth_user`;
/*!40101 SET @saved_cs_client     = @@character_set_client */;
/*!40101 SET character_set_client = utf8 */;
CREATE TABLE `auth_user` (
  `id` int(11) NOT NULL AUTO_INCREMENT,
  `username` varchar(30) NOT NULL,
  `first_name` varchar(30) NOT NULL,
  `last_name` varchar(30) NOT NULL,
  `email` varchar(75) NOT NULL,
  `password` varchar(128) NOT NULL,
  `is_staff` tinyint(1) NOT NULL,
  `is_active` tinyint(1) NOT NULL,
  `is_superuser` tinyint(1) NOT NULL,
  `last_login` datetime NOT NULL,
  `date_joined` datetime NOT NULL,
  PRIMARY KEY (`id`),
  UNIQUE KEY `username` (`username`)
) ENGINE=InnoDB AUTO_INCREMENT=3 DEFAULT CHARSET=utf8;
/*!40101 SET character_set_client = @saved_cs_client */;

--
-- Dumping data for table `auth_user`
--

LOCK TABLES `auth_user` WRITE;
/*!40000 ALTER TABLE `auth_user` DISABLE KEYS */;
INSERT INTO `auth_user` VALUES (1,'stoneadmin','','','pman89@ya.ru','pbkdf2_sha256$10000$U3WSQYxhNcgm$b0FWlhl9D37Qn0GVMuMpv5qtM5TGnH/khC6S4swbojo=',1,1,1,'2014-05-05 16:07:55','2013-08-06 15:15:42'),(2,'stoneadmin2','','','','pbkdf2_sha256$10000$KWJSrFcN8OGV$3EsuD8R7k+54TDJo2ORy3kURncfLIXPEt2a2SqcKgmM=',0,1,0,'2013-08-06 15:23:57','2013-08-06 15:23:57');
/*!40000 ALTER TABLE `auth_user` ENABLE KEYS */;
UNLOCK TABLES;

--
-- Table structure for table `auth_user_groups`
--

DROP TABLE IF EXISTS `auth_user_groups`;
/*!40101 SET @saved_cs_client     = @@character_set_client */;
/*!40101 SET character_set_client = utf8 */;
CREATE TABLE `auth_user_groups` (
  `id` int(11) NOT NULL AUTO_INCREMENT,
  `user_id` int(11) NOT NULL,
  `group_id` int(11) NOT NULL,
  PRIMARY KEY (`id`),
  UNIQUE KEY `user_id` (`user_id`,`group_id`),
  KEY `auth_user_groups_fbfc09f1` (`user_id`),
  KEY `auth_user_groups_bda51c3c` (`group_id`),
  CONSTRAINT `group_id_refs_id_f0ee9890` FOREIGN KEY (`group_id`) REFERENCES `auth_group` (`id`),
  CONSTRAINT `user_id_refs_id_831107f1` FOREIGN KEY (`user_id`) REFERENCES `auth_user` (`id`)
) ENGINE=InnoDB DEFAULT CHARSET=utf8;
/*!40101 SET character_set_client = @saved_cs_client */;

--
-- Dumping data for table `auth_user_groups`
--

LOCK TABLES `auth_user_groups` WRITE;
/*!40000 ALTER TABLE `auth_user_groups` DISABLE KEYS */;
/*!40000 ALTER TABLE `auth_user_groups` ENABLE KEYS */;
UNLOCK TABLES;

--
-- Table structure for table `auth_user_user_permissions`
--

DROP TABLE IF EXISTS `auth_user_user_permissions`;
/*!40101 SET @saved_cs_client     = @@character_set_client */;
/*!40101 SET character_set_client = utf8 */;
CREATE TABLE `auth_user_user_permissions` (
  `id` int(11) NOT NULL AUTO_INCREMENT,
  `user_id` int(11) NOT NULL,
  `permission_id` int(11) NOT NULL,
  PRIMARY KEY (`id`),
  UNIQUE KEY `user_id` (`user_id`,`permission_id`),
  KEY `auth_user_user_permissions_fbfc09f1` (`user_id`),
  KEY `auth_user_user_permissions_1e014c8f` (`permission_id`),
  CONSTRAINT `permission_id_refs_id_67e79cb` FOREIGN KEY (`permission_id`) REFERENCES `auth_permission` (`id`),
  CONSTRAINT `user_id_refs_id_f2045483` FOREIGN KEY (`user_id`) REFERENCES `auth_user` (`id`)
) ENGINE=InnoDB DEFAULT CHARSET=utf8;
/*!40101 SET character_set_client = @saved_cs_client */;

--
-- Dumping data for table `auth_user_user_permissions`
--

LOCK TABLES `auth_user_user_permissions` WRITE;
/*!40000 ALTER TABLE `auth_user_user_permissions` DISABLE KEYS */;
/*!40000 ALTER TABLE `auth_user_user_permissions` ENABLE KEYS */;
UNLOCK TABLES;

--
-- Table structure for table `django_admin_log`
--

DROP TABLE IF EXISTS `django_admin_log`;
/*!40101 SET @saved_cs_client     = @@character_set_client */;
/*!40101 SET character_set_client = utf8 */;
CREATE TABLE `django_admin_log` (
  `id` int(11) NOT NULL AUTO_INCREMENT,
  `action_time` datetime NOT NULL,
  `user_id` int(11) NOT NULL,
  `content_type_id` int(11) DEFAULT NULL,
  `object_id` longtext,
  `object_repr` varchar(200) NOT NULL,
  `action_flag` smallint(5) unsigned NOT NULL,
  `change_message` longtext NOT NULL,
  PRIMARY KEY (`id`),
  KEY `django_admin_log_fbfc09f1` (`user_id`),
  KEY `django_admin_log_e4470c6e` (`content_type_id`),
  CONSTRAINT `content_type_id_refs_id_288599e6` FOREIGN KEY (`content_type_id`) REFERENCES `django_content_type` (`id`),
  CONSTRAINT `user_id_refs_id_c8665aa` FOREIGN KEY (`user_id`) REFERENCES `auth_user` (`id`)
) ENGINE=InnoDB AUTO_INCREMENT=430 DEFAULT CHARSET=utf8;
/*!40101 SET character_set_client = @saved_cs_client */;

--
-- Dumping data for table `django_admin_log`
--

LOCK TABLES `django_admin_log` WRITE;
/*!40000 ALTER TABLE `django_admin_log` DISABLE KEYS */;
INSERT INTO `django_admin_log` VALUES (1,'2013-08-06 15:23:58',1,3,'2','stoneadmin2',1,''),(2,'2013-08-06 16:05:36',1,16,'1','11212',1,''),(3,'2013-08-06 16:38:31',1,18,'1','ertwertwertwert',1,''),(4,'2013-08-06 16:38:58',1,18,'1','ertwertwertwert',3,''),(5,'2013-08-06 16:46:54',1,14,'1','1111111',1,''),(6,'2013-08-06 16:47:05',1,15,'1','1111',1,''),(7,'2013-08-06 16:52:20',1,15,'1','1111',2,'Изменен photo1.'),(8,'2013-08-06 16:56:52',1,15,'1','1111',2,'Изменен photo1.'),(9,'2013-08-06 16:57:07',1,15,'1','1111',2,'Изменен photo1.'),(10,'2013-08-06 16:59:54',1,15,'1','1111',2,'Изменен photo1.'),(11,'2013-08-06 17:07:14',1,15,'2','sdfsdfsdf',1,''),(12,'2013-08-06 17:11:06',1,15,'2','sdfsdfsdf',2,'Изменен photo1 и photo2.'),(13,'2013-08-06 17:11:23',1,15,'2','sdfsdfsdf',2,'Изменен photo1 и photo2.'),(14,'2013-08-06 17:24:53',1,15,'2','sdfsdfsdf',2,'Добавлен SEO статья \"werwerwer\".'),(15,'2013-08-06 17:29:35',1,18,'1','sdfasd',1,''),(16,'2013-08-06 17:29:42',1,18,'1','ыапываыва',2,'Изменен title.'),(17,'2013-08-06 17:37:28',1,14,'1','24234234',1,''),(18,'2013-08-06 17:37:53',1,15,'1','цукцукцу',1,''),(19,'2013-08-07 08:32:49',1,18,'1','страница на русском',1,''),(20,'2013-08-07 08:54:06',1,14,'1','11111111111',1,''),(21,'2013-08-07 08:54:12',1,14,'2','2121212',1,''),(22,'2013-08-07 08:55:13',1,15,'3','werwerwq',1,''),(23,'2013-08-07 08:55:38',1,16,'1','werweq dfgfdg dsf',2,'Изменен category.'),(24,'2013-08-09 07:52:12',1,14,'2','2121212',3,''),(25,'2013-08-09 07:52:12',1,14,'1','11111111111',3,''),(26,'2013-08-09 07:52:38',1,14,'4','Простые',1,''),(27,'2013-08-09 07:53:12',1,14,'5','Двойные',1,''),(28,'2013-08-09 07:53:18',1,14,'6','С крестом',1,''),(29,'2013-08-09 07:53:29',1,14,'7','Прямые',1,''),(30,'2013-08-09 07:54:01',1,14,'8','Эксклюзивные',1,''),(31,'2013-08-09 07:54:09',1,14,'9','Комплектующие',1,''),(32,'2013-08-09 07:54:35',1,14,'7','Одинарные',2,'Изменен title.'),(33,'2013-08-09 07:54:47',1,15,'3','werwerwq',3,''),(34,'2013-08-09 08:37:37',1,15,'10','\"Гармония (с крестом) 5\"',1,''),(35,'2013-08-09 08:51:59',1,15,'10','\"Гармония (с крестом) 5\"',2,'Изменен categories.'),(36,'2013-08-09 08:58:41',1,15,'10','\"Гармония (с крестом) 5\"',2,'Изменен photo1,photo2,price_face,price_circle и categories.'),(37,'2013-08-09 14:52:40',1,15,'11','Фигурный памятник № 2',1,''),(38,'2013-08-09 14:56:47',1,15,'12','Фигурный памятник № 3',1,''),(39,'2013-08-09 14:58:34',1,15,'13','Фигурный памятник № 4',1,''),(40,'2013-08-09 15:18:12',1,15,'14','Фигурный памятник № 5',1,''),(41,'2013-08-09 15:23:42',1,15,'10','Фигурный памятник № 1 \"Гармония (с крестом) 5\"',2,'Изменен number и title.'),(42,'2013-08-09 15:24:56',1,15,'11','Фигурный памятник № 2 \"Андромеда\"',2,'Изменен title.'),(43,'2013-08-09 15:25:17',1,15,'12','Фигурный памятник № 3 \"Чаша\"',2,'Изменен title.'),(44,'2013-08-09 15:25:38',1,15,'13','Фигурный памятник № 4 \"Крест 1\"',2,'Изменен title.'),(45,'2013-08-09 15:26:13',1,15,'14','Фигурный памятник № 5 \"Памятник Гармония 5\"',2,'Изменен title.'),(46,'2013-08-09 15:33:12',1,15,'15','Фигурный памятник № 6  \"Облако\"',1,''),(47,'2013-08-09 15:37:53',1,15,'16','Фигурный памятник № 7  \"Факел\"',1,''),(48,'2013-08-09 15:42:34',1,15,'15','Фигурный памятник № 8  \"Облако\"',2,'Изменен number и title.'),(49,'2013-08-09 15:42:57',1,15,'16','Фигурный памятник № 6  \"Факел\"',2,'Изменен number и title.'),(50,'2013-08-09 16:02:43',1,15,'17','Фигурный памятник № 7  \"Гармония (с крестом) 4\"',1,''),(51,'2013-08-12 07:56:12',1,15,'18','Фигурный памятник № 9  \"Гармония 1\"',1,''),(52,'2013-08-12 08:08:30',1,15,'19','Фигурный памятник № 10  \"Гармония (с крестом) 6\"',1,''),(53,'2013-08-12 08:16:57',1,15,'20','Фигурный памятник № 11  \"Ветер\"',1,''),(54,'2013-08-12 08:19:27',1,15,'21','Фигурный памятник № 12  \"Гармония 4\"',1,''),(55,'2013-08-12 15:09:08',1,15,'22','Фигурный памятник № 13  \"Трапеция\"',1,''),(56,'2013-08-12 15:10:43',1,15,'23','Фигурный памятник № 14  \"Конус\"',1,''),(57,'2013-08-12 15:14:06',1,15,'24','Фигурный памятник № 15  \"Гармония 6\"',1,''),(58,'2013-08-12 15:22:47',1,15,'25','Фигурный памятник № 16  \"Кассиопея\"',1,''),(59,'2013-08-12 15:24:48',1,15,'26','Фигурный памятник № 17  \"Гармония 2\"',1,''),(60,'2013-08-12 15:26:37',1,15,'27','Фигурный памятник № 18  \"Гармония 3\"',1,''),(61,'2013-08-12 15:28:18',1,15,'28','Фигурный памятник № 19  \"Вероника\"',1,''),(62,'2013-08-12 15:30:24',1,15,'29','Фигурный памятник № 20  \"Волна 1\"',1,''),(63,'2013-08-12 15:41:41',1,15,'30','Фигурный памятник № 21  \"Волна 2\"',1,''),(64,'2013-08-12 15:44:02',1,15,'31','Фигурный памятник № 22  \"Стена 1\"',1,''),(65,'2013-08-12 15:45:30',1,15,'32','Фигурный памятник № 23  \"Большая Лира\"',1,''),(66,'2013-08-12 15:47:30',1,15,'33','Фигурный памятник № 24  \"Стена 2\"',1,''),(67,'2013-08-12 15:50:21',1,15,'34','Фигурный памятник № 25  \"Зеркало готика 1\"',1,''),(68,'2013-08-12 15:51:50',1,15,'35','Фигурный памятник № 26  \"Зеркало готика 2\"',1,''),(69,'2013-08-13 13:29:23',1,15,'33','Фигурный памятник № 24  \"Стена 2\"',2,'Изменен photo1 и photo2.'),(70,'2013-08-20 13:09:22',1,15,'36','Фигурный памятник № 27  \"Сердце\"',1,''),(71,'2013-08-20 14:21:08',1,15,'37','Фигурный памятник № 28  \"Березка\"',1,''),(72,'2013-08-20 17:09:33',1,15,'38','Фигурный памятник № 29  \"Лира 1\"',1,''),(73,'2013-08-20 17:11:35',1,15,'39','Фигурный памятник № 30  \"Лира 4\"',1,''),(74,'2013-08-20 17:13:36',1,15,'40','Фигурный памятник № 31  \"Ветер\"',1,''),(75,'2013-08-20 17:15:14',1,15,'41','Фигурный памятник № 32  \"Лира 2\" ',1,''),(76,'2013-08-20 17:16:45',1,15,'42','Фигурный памятник № 33  \"Лира 3\" ',1,''),(77,'2013-08-20 17:18:40',1,15,'43','Фигурный памятник № 34  \"Крест 2\"',1,''),(78,'2013-08-20 17:20:10',1,15,'44','Фигурный памятник № 35  \"Ветвь\"',1,''),(79,'2013-08-20 17:25:46',1,15,'45','Фигурный памятник № 36  \"Каменный цветок 1\"',1,''),(80,'2013-08-20 17:27:06',1,15,'46','Фигурный памятник № 37  \"Вечность 1\"',1,''),(81,'2013-08-20 17:30:45',1,15,'47','Фигурный памятник № 38  \" Каменный цветок 2\"',1,''),(82,'2013-08-20 17:32:52',1,15,'48','Фигурный памятник № 39  \"Вечность 3\"',1,''),(83,'2013-08-20 17:35:52',1,15,'49','Фигурный памятник № 40  \"Рукопись 1\"',1,''),(84,'2013-08-20 17:37:06',1,15,'50','Фигурный памятник № 41  \"Рукопись 2\"',1,''),(85,'2013-08-20 17:39:20',1,15,'51','Фигурный памятник № 42  \"Век широкий 1\" ',1,''),(86,'2013-08-20 17:41:15',1,15,'52','Фигурный памятник № 43  \"Век широкий 2\"',1,''),(87,'2013-08-20 17:45:48',1,15,'53','Фигурный памятник № 44  \"Наука 3\"',1,''),(88,'2013-08-20 17:48:38',1,15,'54','Фигурный памятник № 45  \"Тюльпан 1\"',1,''),(89,'2013-08-20 17:50:42',1,15,'55','Фигурный памятник № 46  \"Голубь 2\"',1,''),(90,'2013-08-20 17:51:51',1,15,'56','Фигурный памятник № 47  \"Голубь 1\"',1,''),(91,'2013-08-20 17:53:49',1,15,'57','Фигурный памятник № 48  \"Тюльпан 2\"',1,''),(92,'2013-08-20 17:56:30',1,15,'58','Фигурный памятник № 49  \"Трио\"',1,''),(93,'2013-08-20 17:58:49',1,15,'59','Фигурный памятник № 50  \"Округлый прямой\"',1,''),(94,'2013-08-20 18:00:31',1,15,'60','Фигурный памятник № 51  \"Памятник с плечами\"',1,''),(95,'2013-08-20 18:02:32',1,15,'61','Фигурный памятник № 52  \"Волна\"',1,''),(96,'2013-08-20 18:04:29',1,15,'62','Прямоугольный памятник  № 53 \"Памятник Стандарт\"',1,''),(97,'2013-08-21 08:14:30',1,15,'29','Фигурный памятник № 20  \"Волна 1\"',2,'Ни одно поле не изменено.'),(98,'2013-08-21 08:14:36',1,15,'28','Фигурный памятник № 19  \"Вероника\"',2,'Ни одно поле не изменено.'),(99,'2013-08-21 08:14:39',1,15,'27','Фигурный памятник № 18  \"Гармония 3\"',2,'Ни одно поле не изменено.'),(100,'2013-08-21 08:14:41',1,15,'26','Фигурный памятник № 17  \"Гармония 2\"',2,'Ни одно поле не изменено.'),(101,'2013-08-21 08:14:45',1,15,'25','Фигурный памятник № 16  \"Кассиопея\"',2,'Ни одно поле не изменено.'),(102,'2013-08-21 08:14:51',1,15,'24','Фигурный памятник № 15  \"Гармония 6\"',2,'Ни одно поле не изменено.'),(103,'2013-08-21 08:14:54',1,15,'23','Фигурный памятник № 14  \"Конус\"',2,'Ни одно поле не изменено.'),(104,'2013-08-21 08:14:57',1,15,'22','Фигурный памятник № 13  \"Трапеция\"',2,'Ни одно поле не изменено.'),(105,'2013-08-21 08:15:00',1,15,'21','Фигурный памятник № 12  \"Гармония 4\"',2,'Ни одно поле не изменено.'),(106,'2013-08-21 08:15:04',1,15,'20','Фигурный памятник № 11  \"Ветер\"',2,'Ни одно поле не изменено.'),(107,'2013-08-21 08:15:07',1,15,'19','Фигурный памятник № 10  \"Гармония (с крестом) 6\"',2,'Ни одно поле не изменено.'),(108,'2013-08-21 08:15:10',1,15,'18','Фигурный памятник № 9  \"Гармония 1\"',2,'Ни одно поле не изменено.'),(109,'2013-08-21 08:15:12',1,15,'15','Фигурный памятник № 8  \"Облако\"',2,'Ни одно поле не изменено.'),(110,'2013-08-21 08:15:14',1,15,'17','Фигурный памятник № 7  \"Гармония (с крестом) 4\"',2,'Ни одно поле не изменено.'),(111,'2013-08-21 08:15:16',1,15,'16','Фигурный памятник № 6  \"Факел\"',2,'Ни одно поле не изменено.'),(112,'2013-08-21 08:15:19',1,15,'14','Фигурный памятник № 5 \"Памятник Гармония 5\"',2,'Ни одно поле не изменено.'),(113,'2013-08-21 08:15:21',1,15,'13','Фигурный памятник № 4 \"Крест 1\"',2,'Ни одно поле не изменено.'),(114,'2013-08-21 08:15:23',1,15,'12','Фигурный памятник № 3 \"Чаша\"',2,'Ни одно поле не изменено.'),(115,'2013-08-21 08:15:26',1,15,'11','Фигурный памятник № 2 \"Андромеда\"',2,'Ни одно поле не изменено.'),(116,'2013-08-21 08:15:29',1,15,'10','Фигурный памятник № 1 \"Гармония (с крестом) 5\"',2,'Ни одно поле не изменено.'),(117,'2013-08-21 08:16:57',1,15,'30','Фигурный памятник № 21  \"Волна 2\"',2,'Ни одно поле не изменено.'),(118,'2013-08-21 08:16:59',1,15,'31','Фигурный памятник № 22  \"Стена 1\"',2,'Ни одно поле не изменено.'),(119,'2013-08-21 08:17:02',1,15,'32','Фигурный памятник № 23  \"Большая Лира\"',2,'Ни одно поле не изменено.'),(120,'2013-08-21 08:17:04',1,15,'33','Фигурный памятник № 24  \"Стена 2\"',2,'Ни одно поле не изменено.'),(121,'2013-08-21 08:17:07',1,15,'34','Фигурный памятник № 25  \"Зеркало готика 1\"',2,'Ни одно поле не изменено.'),(122,'2013-08-21 08:17:11',1,15,'35','Фигурный памятник № 26  \"Зеркало готика 2\"',2,'Ни одно поле не изменено.'),(123,'2013-08-21 08:17:13',1,15,'36','Фигурный памятник № 27  \"Сердце\"',2,'Ни одно поле не изменено.'),(124,'2013-08-21 08:17:18',1,15,'37','Фигурный памятник № 28  \"Березка\"',2,'Ни одно поле не изменено.'),(125,'2013-08-21 08:17:21',1,15,'38','Фигурный памятник № 29  \"Лира 1\"',2,'Ни одно поле не изменено.'),(126,'2013-08-21 08:17:23',1,15,'39','Фигурный памятник № 30  \"Лира 4\"',2,'Ни одно поле не изменено.'),(127,'2013-08-21 08:17:26',1,15,'40','Фигурный памятник № 31  \"Ветер\"',2,'Ни одно поле не изменено.'),(128,'2013-08-21 08:17:30',1,15,'41','Фигурный памятник № 32  \"Лира 2\" ',2,'Ни одно поле не изменено.'),(129,'2013-08-21 08:17:33',1,15,'42','Фигурный памятник № 33  \"Лира 3\" ',2,'Ни одно поле не изменено.'),(130,'2013-08-21 08:17:37',1,15,'43','Фигурный памятник № 34  \"Крест 2\"',2,'Ни одно поле не изменено.'),(131,'2013-08-21 08:17:42',1,15,'44','Фигурный памятник № 35  \"Ветвь\"',2,'Ни одно поле не изменено.'),(132,'2013-08-21 08:17:45',1,15,'45','Фигурный памятник № 36  \"Каменный цветок 1\"',2,'Ни одно поле не изменено.'),(133,'2013-08-21 08:17:49',1,15,'46','Фигурный памятник № 37  \"Вечность 1\"',2,'Ни одно поле не изменено.'),(134,'2013-08-21 08:17:53',1,15,'47','Фигурный памятник № 38  \" Каменный цветок 2\"',2,'Ни одно поле не изменено.'),(135,'2013-08-21 08:17:56',1,15,'48','Фигурный памятник № 39  \"Вечность 3\"',2,'Ни одно поле не изменено.'),(136,'2013-08-21 08:17:59',1,15,'49','Фигурный памятник № 40  \"Рукопись 1\"',2,'Ни одно поле не изменено.'),(137,'2013-08-21 08:18:44',1,15,'50','Фигурный памятник № 41  \"Рукопись 2\"',2,'Ни одно поле не изменено.'),(138,'2013-08-21 08:18:47',1,15,'51','Фигурный памятник № 42  \"Век широкий 1\" ',2,'Ни одно поле не изменено.'),(139,'2013-08-21 08:18:52',1,15,'52','Фигурный памятник № 43  \"Век широкий 2\"',2,'Ни одно поле не изменено.'),(140,'2013-08-21 08:18:54',1,15,'53','Фигурный памятник № 44  \"Наука 3\"',2,'Ни одно поле не изменено.'),(141,'2013-08-21 08:18:56',1,15,'54','Фигурный памятник № 45  \"Тюльпан 1\"',2,'Ни одно поле не изменено.'),(142,'2013-08-21 08:18:59',1,15,'55','Фигурный памятник № 46  \"Голубь 2\"',2,'Ни одно поле не изменено.'),(143,'2013-08-21 08:19:01',1,15,'56','Фигурный памятник № 47  \"Голубь 1\"',2,'Ни одно поле не изменено.'),(144,'2013-08-21 08:19:06',1,15,'57','Фигурный памятник № 48  \"Тюльпан 2\"',2,'Ни одно поле не изменено.'),(145,'2013-08-21 08:19:08',1,15,'58','Фигурный памятник № 49  \"Трио\"',2,'Ни одно поле не изменено.'),(146,'2013-08-21 08:19:10',1,15,'59','Фигурный памятник № 50  \"Округлый прямой\"',2,'Ни одно поле не изменено.'),(147,'2013-08-21 08:19:12',1,15,'60','Фигурный памятник № 51  \"Памятник с плечами\"',2,'Ни одно поле не изменено.'),(148,'2013-08-21 08:19:15',1,15,'61','Фигурный памятник № 52  \"Волна\"',2,'Ни одно поле не изменено.'),(149,'2013-08-21 08:19:18',1,15,'62','Прямоугольный памятник  № 53 \"Памятник Стандарт\"',2,'Ни одно поле не изменено.'),(150,'2013-08-22 11:17:00',1,15,'10','Фигурный памятник № 1 \"Гармония (с крестом) 5\"',2,'Изменен description.'),(151,'2013-08-22 11:18:55',1,15,'11','Фигурный памятник № 2 \"Андромеда\"',2,'Изменен description.'),(152,'2013-08-22 11:19:17',1,15,'12','Фигурный памятник № 3 \"Чаша\"',2,'Изменен description.'),(153,'2013-08-22 11:19:34',1,15,'13','Фигурный памятник № 4 \"Крест 1\"',2,'Изменен description.'),(154,'2013-08-22 11:19:53',1,15,'14','Фигурный памятник № 5 \"Памятник Гармония 5\"',2,'Изменен description.'),(155,'2013-08-22 11:21:12',1,15,'16','Фигурный памятник № 6  \"Факел\"',2,'Изменен description.'),(156,'2013-08-22 11:21:35',1,15,'17','Фигурный памятник № 7  \"Гармония (с крестом) 4\"',2,'Изменен description.'),(157,'2013-08-22 11:22:52',1,15,'15','Фигурный памятник № 8  \"Облако\"',2,'Изменен description.'),(158,'2013-08-22 11:23:12',1,15,'18','Фигурный памятник № 9  \"Гармония 1\"',2,'Изменен description.'),(159,'2013-08-22 11:23:41',1,15,'19','Фигурный памятник № 10  \"Гармония (с крестом) 6\"',2,'Изменен description.'),(160,'2013-08-23 06:34:42',1,14,'8','Эксклюзивные',2,'Ни одно поле не изменено.'),(161,'2013-08-23 06:34:45',1,14,'6','С крестом',2,'Ни одно поле не изменено.'),(162,'2013-08-23 06:34:48',1,14,'4','Простые',2,'Ни одно поле не изменено.'),(163,'2013-08-23 06:34:51',1,14,'7','Одинарные',2,'Ни одно поле не изменено.'),(164,'2013-08-23 06:34:54',1,14,'9','Комплектующие',2,'Ни одно поле не изменено.'),(165,'2013-08-23 06:34:56',1,14,'5','Двойные',2,'Ни одно поле не изменено.'),(166,'2013-08-26 13:17:47',1,15,'20','Фигурный памятник № 11  \"Ветер\"',2,'Изменен description.'),(167,'2013-08-26 13:18:41',1,15,'21','Фигурный памятник № 12  \"Гармония 4\"',2,'Изменен description.'),(168,'2013-08-26 13:19:28',1,15,'22','Фигурный памятник № 13  \"Трапеция\"',2,'Изменен description.'),(169,'2013-08-26 13:19:49',1,15,'23','Фигурный памятник № 14  \"Конус\"',2,'Изменен description.'),(170,'2013-08-26 13:20:16',1,15,'24','Фигурный памятник № 15  \"Гармония 6\"',2,'Изменен description.'),(171,'2013-08-26 13:20:38',1,15,'25','Фигурный памятник № 16  \"Кассиопея\"',2,'Изменен description.'),(172,'2013-08-26 13:21:07',1,15,'26','Фигурный памятник № 17  \"Гармония 2\"',2,'Изменен description.'),(173,'2013-08-26 13:21:26',1,15,'27','Фигурный памятник № 18  \"Гармония 3\"',2,'Изменен description.'),(174,'2013-08-26 13:22:09',1,15,'28','Фигурный памятник № 19  \"Вероника\"',2,'Изменен description.'),(175,'2013-08-26 13:22:28',1,15,'29','Фигурный памятник № 20  \"Волна 1\"',2,'Изменен description.'),(176,'2013-08-26 13:23:32',1,15,'30','Фигурный памятник № 21  \"Волна 2\"',2,'Изменен description.'),(177,'2013-08-26 13:23:56',1,15,'31','Фигурный памятник № 22  \"Стена 1\"',2,'Изменен description.'),(178,'2013-08-26 13:24:11',1,15,'32','Фигурный памятник № 23  \"Большая Лира\"',2,'Изменен description.'),(179,'2013-08-26 13:24:28',1,15,'33','Фигурный памятник № 24  \"Стена 2\"',2,'Изменен description.'),(180,'2013-08-26 13:24:46',1,15,'34','Фигурный памятник № 25  \"Зеркало готика 1\"',2,'Изменен description.'),(181,'2013-08-26 13:25:00',1,15,'35','Фигурный памятник № 26  \"Зеркало готика 2\"',2,'Изменен description.'),(182,'2013-08-26 13:25:19',1,15,'36','Фигурный памятник № 27  \"Сердце\"',2,'Изменен description.'),(183,'2013-08-26 13:25:35',1,15,'37','Фигурный памятник № 28  \"Березка\"',2,'Изменен description.'),(184,'2013-08-26 13:25:55',1,15,'38','Фигурный памятник № 29  \"Лира 1\"',2,'Изменен description.'),(185,'2013-08-26 13:26:14',1,15,'39','Фигурный памятник № 30  \"Лира 4\"',2,'Изменен description.'),(186,'2013-08-26 13:26:55',1,15,'42','Фигурный памятник № 33  \"Лира 3\" ',2,'Изменен description.'),(187,'2013-08-26 13:27:39',1,15,'43','Фигурный памятник № 34  \"Крест 2\"',2,'Изменен description.'),(188,'2013-08-26 13:27:57',1,15,'44','Фигурный памятник № 35  \"Ветвь\"',2,'Изменен description.'),(189,'2013-08-26 13:28:10',1,15,'45','Фигурный памятник № 36  \"Каменный цветок 1\"',2,'Изменен description.'),(190,'2013-08-26 13:28:23',1,15,'46','Фигурный памятник № 37  \"Вечность 1\"',2,'Изменен description.'),(191,'2013-08-26 13:28:37',1,15,'47','Фигурный памятник № 38  \" Каменный цветок 2\"',2,'Изменен description.'),(192,'2013-08-26 13:28:51',1,15,'48','Фигурный памятник № 39  \"Вечность 3\"',2,'Изменен description.'),(193,'2013-08-26 13:29:04',1,15,'49','Фигурный памятник № 40  \"Рукопись 1\"',2,'Изменен description.'),(194,'2013-08-26 13:29:41',1,15,'50','Фигурный памятник № 41  \"Рукопись 2\"',2,'Изменен description.'),(195,'2013-08-26 13:30:05',1,15,'51','Фигурный памятник № 42  \"Век широкий 1\" ',2,'Изменен description.'),(196,'2013-08-26 13:30:24',1,15,'52','Фигурный памятник № 43  \"Век широкий 2\"',2,'Изменен description.'),(197,'2013-08-26 13:30:41',1,15,'53','Фигурный памятник № 44  \"Наука 3\"',2,'Изменен description.'),(198,'2013-08-26 13:30:57',1,15,'54','Фигурный памятник № 45  \"Тюльпан 1\"',2,'Изменен description.'),(199,'2013-08-26 13:31:15',1,15,'55','Фигурный памятник № 46  \"Голубь 2\"',2,'Изменен description.'),(200,'2013-08-26 13:31:31',1,15,'56','Фигурный памятник № 47  \"Голубь 1\"',2,'Изменен description.'),(201,'2013-08-26 13:31:45',1,15,'57','Фигурный памятник № 48  \"Тюльпан 2\"',2,'Изменен description.'),(202,'2013-08-26 13:32:02',1,15,'58','Фигурный памятник № 49  \"Трио\"',2,'Изменен description.'),(203,'2013-08-26 13:32:24',1,15,'59','Фигурный памятник № 50  \"Округлый прямой\"',2,'Изменен description.'),(204,'2013-08-26 13:32:36',1,15,'60','Фигурный памятник № 51  \"Памятник с плечами\"',2,'Изменен description.'),(205,'2013-08-26 13:32:51',1,15,'61','Фигурный памятник № 52  \"Волна\"',2,'Изменен description.'),(206,'2013-08-26 13:33:04',1,15,'62','Прямоугольный памятник  № 53 \"Памятник Стандарт\"',2,'Изменен description.'),(207,'2013-08-26 13:35:47',1,15,'10','Фигурный памятник № 1 \"Гармония (с крестом) 5\"',2,'Изменен photo1 и photo2.'),(208,'2013-08-26 13:36:29',1,15,'11','Фигурный памятник № 2 \"Андромеда\"',2,'Изменен photo1 и photo2.'),(209,'2013-08-26 13:36:59',1,15,'12','Фигурный памятник № 3 \"Чаша\"',2,'Изменен photo1 и photo2.'),(210,'2013-08-26 13:41:15',1,15,'13','Фигурный памятник № 4 \"Крест 1\"',2,'Изменен photo1 и photo2.'),(211,'2013-08-26 13:41:35',1,15,'14','Фигурный памятник № 5 \"Памятник Гармония 5\"',2,'Изменен photo1 и photo2.'),(212,'2013-08-26 13:41:56',1,15,'16','Фигурный памятник № 6  \"Факел\"',2,'Изменен photo1 и photo2.'),(213,'2013-08-26 13:42:12',1,15,'17','Фигурный памятник № 7  \"Гармония (с крестом) 4\"',2,'Изменен photo1 и photo2.'),(214,'2013-08-26 13:42:26',1,15,'15','Фигурный памятник № 8  \"Облако\"',2,'Изменен photo1 и photo2.'),(215,'2013-08-26 13:42:56',1,15,'18','Фигурный памятник № 9  \"Гармония 1\"',2,'Изменен photo1 и photo2.'),(216,'2013-08-26 13:43:18',1,15,'19','Фигурный памятник № 10  \"Гармония (с крестом) 6\"',2,'Изменен photo1 и photo2.'),(217,'2013-08-26 13:43:33',1,15,'20','Фигурный памятник № 11  \"Ветер\"',2,'Изменен photo1 и photo2.'),(218,'2013-08-26 13:43:47',1,15,'21','Фигурный памятник № 12  \"Гармония 4\"',2,'Изменен photo1 и photo2.'),(219,'2013-08-26 13:44:09',1,15,'22','Фигурный памятник № 13  \"Трапеция\"',2,'Изменен photo1 и photo2.'),(220,'2013-08-26 13:44:22',1,15,'23','Фигурный памятник № 14  \"Конус\"',2,'Изменен photo1 и photo2.'),(221,'2013-08-26 13:44:42',1,15,'24','Фигурный памятник № 15  \"Гармония 6\"',2,'Изменен photo1 и photo2.'),(222,'2013-08-26 13:45:06',1,15,'25','Фигурный памятник № 16  \"Кассиопея\"',2,'Изменен photo1 и photo2.'),(223,'2013-08-26 13:45:24',1,15,'26','Фигурный памятник № 17  \"Гармония 2\"',2,'Изменен photo1 и photo2.'),(224,'2013-08-26 13:45:40',1,15,'27','Фигурный памятник № 18  \"Гармония 3\"',2,'Изменен photo1 и photo2.'),(225,'2013-08-26 13:46:04',1,15,'28','Фигурный памятник № 19  \"Вероника\"',2,'Изменен photo1 и photo2.'),(226,'2013-08-26 13:46:27',1,15,'29','Фигурный памятник № 20  \"Волна 1\"',2,'Изменен photo1 и photo2.'),(227,'2013-08-26 13:47:35',1,15,'30','Фигурный памятник № 21  \"Волна 2\"',2,'Изменен photo1 и photo2.'),(228,'2013-08-26 13:48:01',1,15,'31','Фигурный памятник № 22  \"Стена 1\"',2,'Изменен photo1 и photo2.'),(229,'2013-08-26 13:48:16',1,15,'32','Фигурный памятник № 23  \"Большая Лира\"',2,'Изменен photo1 и photo2.'),(230,'2013-08-26 13:48:31',1,15,'33','Фигурный памятник № 24  \"Стена 2\"',2,'Изменен photo1 и photo2.'),(231,'2013-08-26 13:48:45',1,15,'34','Фигурный памятник № 25  \"Зеркало готика 1\"',2,'Изменен photo1 и photo2.'),(232,'2013-08-26 13:48:57',1,15,'35','Фигурный памятник № 26  \"Зеркало готика 2\"',2,'Изменен photo1 и photo2.'),(233,'2013-08-26 13:49:11',1,15,'36','Фигурный памятник № 27  \"Сердце\"',2,'Изменен photo1 и photo2.'),(234,'2013-08-26 13:49:27',1,15,'37','Фигурный памятник № 28  \"Березка\"',2,'Изменен photo1 и photo2.'),(235,'2013-08-26 13:49:56',1,15,'38','Фигурный памятник № 29  \"Лира 1\"',2,'Изменен photo1 и photo2.'),(236,'2013-08-26 13:50:12',1,15,'39','Фигурный памятник № 30  \"Лира 4\"',2,'Изменен photo1 и photo2.'),(237,'2013-08-26 13:50:27',1,15,'40','Фигурный памятник № 31  \"Ветер\"',2,'Изменен photo1 и photo2.'),(238,'2013-08-26 13:50:41',1,15,'41','Фигурный памятник № 32  \"Лира 2\" ',2,'Изменен photo1 и photo2.'),(239,'2013-08-26 13:51:09',1,15,'42','Фигурный памятник № 33  \"Лира 3\" ',2,'Изменен photo1 и photo2.'),(240,'2013-08-26 13:51:20',1,15,'43','Фигурный памятник № 34  \"Крест 2\"',2,'Изменен photo1 и photo2.'),(241,'2013-08-26 13:51:36',1,15,'44','Фигурный памятник № 35  \"Ветвь\"',2,'Изменен photo1 и photo2.'),(242,'2013-08-26 13:51:51',1,15,'45','Фигурный памятник № 36  \"Каменный цветок 1\"',2,'Изменен photo1 и photo2.'),(243,'2013-08-26 13:52:10',1,15,'46','Фигурный памятник № 37  \"Вечность 1\"',2,'Изменен photo1 и photo2.'),(244,'2013-08-26 13:52:25',1,15,'47','Фигурный памятник № 38  \" Каменный цветок 2\"',2,'Изменен photo1 и photo2.'),(245,'2013-08-26 13:52:39',1,15,'48','Фигурный памятник № 39  \"Вечность 3\"',2,'Изменен photo1 и photo2.'),(246,'2013-08-26 13:52:53',1,15,'49','Фигурный памятник № 40  \"Рукопись 1\"',2,'Изменен photo1 и photo2.'),(247,'2013-08-26 13:53:23',1,15,'50','Фигурный памятник № 41  \"Рукопись 2\"',2,'Изменен photo1 и photo2.'),(248,'2013-08-26 13:53:40',1,15,'51','Фигурный памятник № 42  \"Век широкий 1\" ',2,'Изменен photo1 и photo2.'),(249,'2013-08-26 13:53:54',1,15,'52','Фигурный памятник № 43  \"Век широкий 2\"',2,'Изменен photo1 и photo2.'),(250,'2013-08-26 13:54:06',1,15,'53','Фигурный памятник № 44  \"Наука 3\"',2,'Изменен photo1 и photo2.'),(251,'2013-08-26 13:54:20',1,15,'54','Фигурный памятник № 45  \"Тюльпан 1\"',2,'Изменен photo1 и photo2.'),(252,'2013-08-26 13:54:34',1,15,'55','Фигурный памятник № 46  \"Голубь 2\"',2,'Изменен photo1 и photo2.'),(253,'2013-08-26 13:54:48',1,15,'56','Фигурный памятник № 47  \"Голубь 1\"',2,'Изменен photo1 и photo2.'),(254,'2013-08-26 13:55:03',1,15,'57','Фигурный памятник № 48  \"Тюльпан 2\"',2,'Изменен photo1 и photo2.'),(255,'2013-08-26 13:55:17',1,15,'58','Фигурный памятник № 49  \"Трио\"',2,'Изменен photo1 и photo2.'),(256,'2013-08-26 13:55:31',1,15,'59','Фигурный памятник № 50  \"Округлый прямой\"',2,'Изменен photo1 и photo2.'),(257,'2013-08-26 13:55:44',1,15,'60','Фигурный памятник № 51  \"Памятник с плечами\"',2,'Изменен photo1 и photo2.'),(258,'2013-08-26 13:55:57',1,15,'61','Фигурный памятник № 52  \"Волна\"',2,'Изменен photo1 и photo2.'),(259,'2013-08-26 13:56:11',1,15,'62','Прямоугольный памятник  № 53 \"Памятник Стандарт\"',2,'Изменен photo1 и photo2.'),(260,'2013-09-02 13:14:07',1,18,'63','О КОМПАНИИ',1,''),(261,'2013-09-02 13:17:04',1,18,'64','ПРЕИМУЩЕСТВА',1,''),(262,'2013-09-02 13:17:33',1,18,'65','ОПЛАТА И ДОСТАВКА',1,''),(263,'2013-09-02 13:17:54',1,18,'65','ОПЛАТА И ДОСТАВКА',2,'Изменен description.'),(264,'2013-09-02 13:19:21',1,18,'66','ГРАВИРОВКА',1,''),(265,'2013-09-02 13:20:21',1,18,'67','КОНТАКТЫ',1,''),(266,'2013-09-02 13:21:45',1,18,'68','ЭТАПЫ ЗАКАЗА',1,''),(267,'2013-09-04 09:34:17',1,18,'67','Контакты',2,'Изменен title.'),(268,'2013-09-04 09:38:29',1,18,'67','Контакты',2,'Изменен description.'),(269,'2013-09-04 09:42:44',1,18,'69','Акции и скидки',1,''),(270,'2013-09-04 09:46:21',1,18,'70','Работы',1,''),(271,'2013-09-04 10:00:45',1,18,'63','О КОМПАНИИ',2,'Изменен description.'),(272,'2013-09-04 10:21:59',1,18,'71','Рассчитать заказ',1,''),(273,'2013-09-04 10:23:55',1,17,'2','Фигурный памятник № 50 \"Округлый прямой\"',1,''),(274,'2013-09-04 10:24:37',1,17,'3','Фигурный памятник № 11 \"Ветер\"',1,''),(275,'2013-09-04 10:30:11',1,17,'4','Фигурный памятник № 27 \"Сердце\"',1,''),(276,'2013-09-04 10:30:47',1,17,'5','Фигурный памятник № 50 \"Округлый прямой\"',1,''),(277,'2013-09-04 10:53:56',1,17,'6','Фигурный памятник № 39 \"Вечность 3\"',1,''),(278,'2013-09-04 10:56:02',1,17,'7','Фигурный памятник № 49 \"Трио\"',1,''),(279,'2013-09-04 11:07:38',1,17,'8','Фигурный памятник № 1 \"Гармония (с крестом) 5\"',1,''),(280,'2013-09-04 11:11:16',1,17,'9','Фигурный памятник № 47 \"Голубь 1\"',1,''),(281,'2013-09-04 11:16:48',1,17,'10','Фигурный памятник № 27 \"Сердце\"',1,''),(282,'2013-09-04 11:18:07',1,17,'11','Прямоугольный памятник № 53 \"Памятник Стандарт\"',1,''),(283,'2013-09-04 11:20:13',1,17,'12','Фигурный памятник № 49 \"Трио\"',1,''),(284,'2013-09-04 11:22:08',1,17,'13','Фигурный памятник № 38 \" Каменный цветок 2\"',1,''),(285,'2013-09-04 11:23:37',1,17,'14','Прямоугольный памятник № 53 \"Памятник Стандарт\"',1,''),(286,'2013-09-04 11:25:20',1,17,'15','Фигурный памятник № 35 \"Ветвь\"',1,''),(287,'2013-09-04 11:26:58',1,17,'16','Фигурный памятник № 52 \"Волна\"',1,''),(288,'2013-09-04 11:28:06',1,17,'17','Фигурный памятник № 51 \"Памятник с плечами\"',1,''),(289,'2013-09-04 11:33:19',1,17,'9','Фигурный памятник № 46 \"Голубь 2\"',2,'Изменен title и memorial.'),(290,'2013-09-04 11:34:30',1,17,'18','Фигурный памятник № 47 \"Голубь 1\"',1,''),(291,'2013-09-04 11:40:15',1,17,'19','Фигурный памятник № 20 \"Волна 1\"',1,''),(292,'2013-09-04 11:42:16',1,17,'20','Фигурный памятник № 39 \"Вечность 3\"',1,''),(293,'2013-09-04 11:47:20',1,17,'21','Фигурный памятник № 6 \"Факел\"',1,''),(294,'2013-09-04 11:47:48',1,17,'22','Фигурный памятник № 6 \"Факел\"',1,''),(295,'2013-09-04 12:33:25',1,17,'23','Фигурный памятник № 35 \"Ветвь\"',1,''),(296,'2013-09-04 12:36:31',1,17,'24','Фигурный памятник № 6 \"Факел\"',1,''),(297,'2013-09-04 12:48:04',1,17,'25','Фигурный памятник № 33 \"Лира ',1,''),(298,'2013-09-04 12:48:38',1,17,'26','Фигурный памятник № 19 \"Вероника\"',1,''),(299,'2013-09-04 12:49:23',1,17,'27','Фигурный памятник № 30 \"Лира 4\"',1,''),(300,'2013-09-04 12:50:31',1,17,'28','Фигурный памятник № 45 \"Тюльпан 1\"',1,''),(301,'2013-09-04 12:51:02',1,17,'29','Фигурный памятник № 39 \"Вечность 3\"',1,''),(302,'2013-09-04 12:52:51',1,17,'30','Авторская работа',1,''),(303,'2013-09-04 13:09:31',1,23,'5','Reply object',1,''),(304,'2013-09-04 13:09:43',1,23,'5','Reply object',3,''),(305,'2013-09-04 13:10:04',1,23,'6','Reply object',1,''),(306,'2013-09-04 13:11:30',1,23,'7','Карп Дмитрий',1,''),(307,'2013-09-04 13:12:12',1,23,'8','Александр г.Нижний Новгород',1,''),(308,'2013-09-04 13:14:38',1,23,'9','',1,''),(309,'2013-09-04 13:15:02',1,23,'9','Юлия г.Москва',2,'Изменен preson.'),(310,'2013-09-04 13:28:21',1,23,'10','Мария Ивановна г. Сургут',1,''),(311,'2013-09-04 13:31:56',1,23,'9','Юлия г.Москва',2,'Изменен reply.'),(312,'2013-09-05 09:30:16',1,18,'71','Рассчитать заказ',2,'Изменен description.'),(313,'2013-09-05 09:30:41',1,18,'64','ПРЕИМУЩЕСТВА',2,'Изменен description.'),(314,'2013-09-05 09:31:11',1,18,'67','Контакты',2,'Изменен description.'),(315,'2013-09-06 10:03:53',1,15,'14','Фигурный памятник № 5 \"Памятник Гармония 5\"',2,'Изменен categories.'),(316,'2013-09-07 14:56:37',1,18,'69','Акции и скидки',2,'Изменен description.'),(317,'2013-09-07 14:56:50',1,18,'69','Акции и скидки',2,'Изменен description.'),(318,'2013-09-11 10:50:00',1,15,'53','Фигурный памятник № 44  \"Наука 3\"',2,'Изменен stella,podstavka и cvetnik.'),(319,'2013-09-12 11:11:07',1,15,'61','Фигурный памятник № 52  \"Волна\"',2,'Изменен price_face и price_circle.'),(320,'2013-09-12 11:11:57',1,15,'60','Фигурный памятник № 51  \"Памятник с плечами\"',2,'Изменен price_face и price_circle.'),(321,'2013-09-12 11:12:37',1,15,'59','Фигурный памятник № 50  \"Округлый прямой\"',2,'Изменен price_face и price_circle.'),(322,'2013-09-14 20:04:55',1,18,'69','Акции и скидки',2,'Изменен description.'),(323,'2013-10-22 11:30:36',1,23,'11','Алла Васильевна г.Москва',1,''),(324,'2013-10-25 13:00:31',1,23,'12','Илона г. Москва',1,''),(325,'2013-10-30 14:55:43',1,18,'71','Рассчитать заказ',2,'Изменен description.'),(326,'2013-10-30 14:56:23',1,18,'71','Рассчитать заказ',2,'Изменен description.'),(327,'2013-10-30 14:56:47',1,18,'71','Рассчитать заказ',2,'Ни одно поле не изменено.'),(328,'2013-11-06 10:53:00',1,23,'13','',1,''),(329,'2013-11-06 10:53:36',1,23,'13','Олег г. Москва',2,'Изменен reply и preson.'),(330,'2013-11-16 22:16:06',1,18,'67','Контакты',2,'Изменен description.'),(331,'2013-11-16 22:17:00',1,18,'67','Контакты',2,'Изменен description.'),(332,'2013-12-19 09:23:48',1,23,'14','Оксана М. г. Москва',1,''),(333,'2013-12-19 09:31:58',1,23,'14','Оксана М. г. Москва',2,'Изменен reply.'),(334,'2013-12-19 09:32:48',1,23,'14','Оксана М. г. Москва',2,'Изменен reply.'),(335,'2013-12-19 13:22:13',1,23,'15','Оксана М. г. Москва',1,''),(336,'2013-12-19 13:23:49',1,23,'14','Оксана М. г. Москва',3,''),(337,'2014-01-20 14:42:32',1,18,'71','Рассчитать заказ',2,'Изменен description.'),(338,'2014-01-20 14:52:22',1,18,'71','Рассчитать заказ',2,'Изменен description.'),(339,'2014-02-26 10:37:51',1,23,'16','',1,''),(340,'2014-02-26 10:40:35',1,23,'17','',1,''),(341,'2014-03-02 09:54:07',1,18,'64','Преимущества',2,'Изменен title.'),(342,'2014-03-02 11:16:24',1,15,'11','Фигурный памятник № 2 \"Андромеда\"',2,'Изменен slug.'),(343,'2014-03-02 11:17:31',1,15,'11','Фигурный памятник № 2 \"Андромеда\"',2,'Ни одно поле не изменено.'),(344,'2014-03-02 11:34:30',1,18,'67','Контакты',2,'Изменен description.'),(345,'2014-03-02 11:35:29',1,18,'67','Контакты',2,'Изменен description.'),(346,'2014-04-07 20:28:24',1,15,'18','Фигурный памятник № 9  \"Гармония 1\"',2,'Изменен price_face и price_circle.'),(347,'2014-04-07 20:28:49',1,15,'14','Фигурный памятник № 5 \"Памятник Гармония 5\"',2,'Изменен price_face и price_circle.'),(348,'2014-04-07 20:30:46',1,15,'11','Фигурный памятник № 2 \"Андромеда\"',2,'Изменен price_face и price_circle.'),(349,'2014-04-07 20:31:05',1,15,'25','Фигурный памятник № 16  \"Кассиопея\"',2,'Изменен price_face и price_circle.'),(350,'2014-04-07 20:32:23',1,15,'28','Фигурный памятник № 19  \"Вероника\"',2,'Изменен price_face и price_circle.'),(351,'2014-04-07 20:32:53',1,15,'27','Фигурный памятник № 18  \"Гармония 3\"',2,'Изменен price_face и price_circle.'),(352,'2014-04-07 20:34:19',1,15,'26','Фигурный памятник № 17  \"Гармония 2\"',2,'Изменен price_face и price_circle.'),(353,'2014-04-07 20:34:45',1,15,'24','Фигурный памятник № 15  \"Гармония 6\"',2,'Изменен price_face и price_circle.'),(354,'2014-04-07 20:35:29',1,15,'17','Фигурный памятник № 7  \"Гармония (с крестом) 4\"',2,'Изменен price_face и price_circle.'),(355,'2014-04-07 20:35:43',1,15,'10','Фигурный памятник № 1 \"Гармония (с крестом) 5\"',2,'Изменен price_face и price_circle.'),(356,'2014-04-07 20:36:24',1,15,'19','Фигурный памятник № 10  \"Гармония (с крестом) 6\"',2,'Изменен price_face и price_circle.'),(357,'2014-04-07 20:36:47',1,15,'21','Фигурный памятник № 12  \"Гармония 4\"',2,'Изменен price_face и price_circle.'),(358,'2014-04-07 20:38:02',1,15,'12','Фигурный памятник № 3 \"Чаша\"',2,'Изменен price_face и price_circle.'),(359,'2014-04-07 20:38:50',1,15,'29','Фигурный памятник № 20  \"Волна 1\"',2,'Изменен price_face и price_circle.'),(360,'2014-04-07 20:39:40',1,15,'13','Фигурный памятник № 4 \"Крест 1\"',2,'Изменен price_face и price_circle.'),(361,'2014-04-07 20:40:41',1,15,'30','Фигурный памятник № 21  \"Волна 2\"',2,'Изменен price_face и price_circle.'),(362,'2014-04-07 20:41:19',1,15,'15','Фигурный памятник № 8  \"Облако\"',2,'Изменен price_face и price_circle.'),(363,'2014-04-07 20:41:35',1,15,'31','Фигурный памятник № 22  \"Стена 1\"',2,'Изменен price_face и price_circle.'),(364,'2014-04-07 20:42:15',1,15,'32','Фигурный памятник № 23  \"Большая Лира\"',2,'Изменен price_face и price_circle.'),(365,'2014-04-07 20:42:29',1,15,'33','Фигурный памятник № 24  \"Стена 2\"',2,'Изменен price_face и price_circle.'),(366,'2014-04-07 20:43:01',1,15,'36','Фигурный памятник № 27  \"Сердце\"',2,'Изменен price_face и price_circle.'),(367,'2014-04-07 20:44:04',1,15,'16','Фигурный памятник № 6  \"Факел\"',2,'Изменен price_face и price_circle.'),(368,'2014-04-07 20:45:40',1,15,'37','Фигурный памятник № 28  \"Березка\"',2,'Изменен price_face и price_circle.'),(369,'2014-04-07 20:46:47',1,15,'38','Фигурный памятник № 29  \"Лира 1\"',2,'Изменен price_face и price_circle.'),(370,'2014-04-07 20:47:17',1,15,'42','Фигурный памятник № 33  \"Лира 3\" ',2,'Изменен price_face и price_circle.'),(371,'2014-04-07 20:48:06',1,15,'43','Фигурный памятник № 34  \"Крест 2\"',2,'Изменен price_face и price_circle.'),(372,'2014-04-07 20:49:08',1,15,'51','Фигурный памятник № 42  \"Век широкий 1\" ',2,'Изменен price_face и price_circle.'),(373,'2014-04-07 20:49:50',1,15,'44','Фигурный памятник № 35  \"Ветвь\"',2,'Изменен price_face и price_circle.'),(374,'2014-04-07 20:54:18',1,15,'46','Фигурный памятник № 37  \"Вечность 1\"',2,'Изменен price_face и price_circle.'),(375,'2014-04-07 20:54:59',1,15,'48','Фигурный памятник № 39  \"Вечность 3\"',2,'Изменен price_face и price_circle.'),(376,'2014-04-07 20:55:53',1,15,'45','Фигурный памятник № 36  \"Каменный цветок 1\"',2,'Изменен price_face и price_circle.'),(377,'2014-04-07 20:56:21',1,15,'47','Фигурный памятник № 38  \" Каменный цветок 2\"',2,'Изменен price_face.'),(378,'2014-04-07 20:57:00',1,15,'49','Фигурный памятник № 40  \"Рукопись 1\"',2,'Изменен price_face и price_circle.'),(379,'2014-04-07 20:57:14',1,15,'50','Фигурный памятник № 41  \"Рукопись 2\"',2,'Ни одно поле не изменено.'),(380,'2014-04-07 20:58:05',1,15,'54','Фигурный памятник № 45  \"Тюльпан 1\"',2,'Изменен price_face и price_circle.'),(381,'2014-04-07 20:58:41',1,15,'57','Фигурный памятник № 48  \"Тюльпан 2\"',2,'Изменен price_face и price_circle.'),(382,'2014-04-07 20:59:15',1,15,'56','Фигурный памятник № 47  \"Голубь 1\"',2,'Изменен price_face и price_circle.'),(383,'2014-04-07 20:59:34',1,15,'55','Фигурный памятник № 46  \"Голубь 2\"',2,'Изменен price_face и price_circle.'),(384,'2014-04-07 21:01:45',1,15,'58','Фигурный памятник № 49  \"Трио\"',2,'Изменен price_face и price_circle.'),(385,'2014-04-07 21:02:13',1,15,'53','Фигурный памятник № 44  \"Наука 3\"',2,'Изменен price_face и price_circle.'),(386,'2014-04-07 21:03:30',1,15,'61','Фигурный памятник № 52  \"Волна\"',2,'Изменен price_face и price_circle.'),(387,'2014-04-08 22:30:23',1,18,'71','Рассчитать заказ',2,'Изменен description.'),(388,'2014-04-08 22:41:09',1,18,'67','Контакты',2,'Изменен description.'),(389,'2014-04-08 22:41:44',1,18,'67','Контакты',2,'Изменен description.'),(390,'2014-04-08 22:42:14',1,18,'67','Контакты',2,'Изменен description.'),(391,'2014-05-06 08:07:54',1,18,'72','Преимущества нашей мастерской',1,''),(392,'2014-05-06 08:10:16',1,18,'72','Преимущества нашей мастерской',2,'Изменен meta_title.'),(393,'2014-05-06 08:14:00',1,14,'8','Эксклюзивные',2,'Изменен seo_description и meta_title. Добавлен SEO статья \"Жксклюзив\".'),(394,'2014-05-06 08:18:23',1,14,'8','Эксклюзивные',2,'Изменен seo_keywords,seo_description и meta_title. Добавлен SEO статья \"Эксклюзив\". Изменены title и description для SEO статья \"Эксклюзив\".'),(395,'2014-05-06 08:48:21',1,14,'8','Эксклюзивные',2,'Удален SEO статья \"Эксклюзив\".'),(396,'2014-05-10 15:04:07',1,17,'31','Авторская работа',1,''),(397,'2014-05-10 15:04:26',1,17,'32','Авторская работа',1,''),(398,'2014-05-10 15:09:49',1,17,'33','Авторская работа',1,''),(399,'2014-05-10 15:10:03',1,17,'34','Авторская работа',1,''),(400,'2014-05-10 15:10:20',1,17,'35','Авторская работа',1,''),(401,'2014-05-10 15:10:40',1,17,'36','Авторская работа',1,''),(402,'2014-05-10 15:10:54',1,17,'37','Авторская работа',1,''),(403,'2014-05-10 15:11:04',1,17,'38','Авторская работа',1,''),(404,'2014-05-10 15:11:19',1,17,'39','Авторская работа',1,''),(405,'2014-05-10 15:11:32',1,17,'40','Авторская работа',1,''),(406,'2014-05-10 15:11:45',1,17,'41','Авторская работа',1,''),(407,'2014-05-10 15:12:03',1,17,'42','Авторская работа',1,''),(408,'2014-05-10 15:12:15',1,17,'43','Авторская работа',1,''),(409,'2014-05-10 15:12:25',1,17,'44','Авторская работа',1,''),(410,'2014-05-10 15:12:38',1,17,'45','Авторская работа',1,''),(411,'2014-05-10 15:12:49',1,17,'46','Авторская работа',1,''),(412,'2014-05-10 15:13:02',1,17,'47','Авторская работа',1,''),(413,'2014-05-10 15:13:26',1,17,'48','Авторская работа',1,''),(414,'2014-05-10 15:13:39',1,17,'49','Авторская работа',1,''),(415,'2014-05-10 15:13:49',1,17,'50','Авторская работа',1,''),(416,'2014-05-10 15:13:57',1,17,'51','Авторская работа',1,''),(417,'2014-05-10 15:14:09',1,17,'52','Авторская работа',1,''),(418,'2014-05-10 15:14:19',1,17,'53','Авторская работа',1,''),(419,'2014-05-10 15:14:34',1,17,'54','Авторская работа',1,''),(420,'2014-05-10 15:14:44',1,17,'55','Авторская работа',1,''),(421,'2014-05-10 15:14:52',1,17,'56','Авторская работа',1,''),(422,'2014-05-10 15:15:00',1,17,'57','Авторская работа',1,''),(423,'2014-05-10 15:15:08',1,17,'58','Авторская работа',1,''),(424,'2014-05-10 15:15:18',1,17,'59','Авторская работа',1,''),(425,'2014-05-10 15:15:26',1,17,'60','Авторская работа',1,''),(426,'2014-05-10 15:15:35',1,17,'61','Авторская работа',1,''),(427,'2014-05-10 15:15:43',1,17,'62','Авторская работа',1,''),(428,'2014-05-10 15:15:51',1,17,'63','Авторская работа',1,''),(429,'2014-05-10 15:16:05',1,17,'64','Авторская работа',1,'');
/*!40000 ALTER TABLE `django_admin_log` ENABLE KEYS */;
UNLOCK TABLES;

--
-- Table structure for table `django_content_type`
--

DROP TABLE IF EXISTS `django_content_type`;
/*!40101 SET @saved_cs_client     = @@character_set_client */;
/*!40101 SET character_set_client = utf8 */;
CREATE TABLE `django_content_type` (
  `id` int(11) NOT NULL AUTO_INCREMENT,
  `name` varchar(100) NOT NULL,
  `app_label` varchar(100) NOT NULL,
  `model` varchar(100) NOT NULL,
  PRIMARY KEY (`id`),
  UNIQUE KEY `app_label` (`app_label`,`model`)
) ENGINE=InnoDB AUTO_INCREMENT=24 DEFAULT CHARSET=utf8;
/*!40101 SET character_set_client = @saved_cs_client */;

--
-- Dumping data for table `django_content_type`
--

LOCK TABLES `django_content_type` WRITE;
/*!40000 ALTER TABLE `django_content_type` DISABLE KEYS */;
INSERT INTO `django_content_type` VALUES (1,'permission','auth','permission'),(2,'group','auth','group'),(3,'user','auth','user'),(4,'content type','contenttypes','contenttype'),(5,'session','sessions','session'),(6,'log entry','admin','logentry'),(7,'migration history','south','migrationhistory'),(12,'source','easy_thumbnails','source'),(13,'thumbnail','easy_thumbnails','thumbnail'),(14,'category','stonegarant','category'),(15,'memorial','stonegarant','memorial'),(16,'seo article','stonegarant','seoarticle'),(17,'ready work','stonegarant','readywork'),(18,'static page','stonegarant','staticpage'),(19,'api access','tastypie','apiaccess'),(20,'api key','tastypie','apikey'),(21,'seo empowered model','stonegarant','seoempoweredmodel'),(22,'Заказа','stonegarant','order'),(23,'reply','stonegarant','reply');
/*!40000 ALTER TABLE `django_content_type` ENABLE KEYS */;
UNLOCK TABLES;

--
-- Table structure for table `django_session`
--

DROP TABLE IF EXISTS `django_session`;
/*!40101 SET @saved_cs_client     = @@character_set_client */;
/*!40101 SET character_set_client = utf8 */;
CREATE TABLE `django_session` (
  `session_key` varchar(40) NOT NULL,
  `session_data` longtext NOT NULL,
  `expire_date` datetime NOT NULL,
  PRIMARY KEY (`session_key`),
  KEY `django_session_c25c2c28` (`expire_date`)
) ENGINE=InnoDB DEFAULT CHARSET=utf8;
/*!40101 SET character_set_client = @saved_cs_client */;

--
-- Dumping data for table `django_session`
--

LOCK TABLES `django_session` WRITE;
/*!40000 ALTER TABLE `django_session` DISABLE KEYS */;
INSERT INTO `django_session` VALUES ('18xjc6ks9p7ttdlp7735pd6o9x602aud','N2Q2ZThkM2QwMjMxZGMyYzliZmE5YzQ2MjA5ZmEyNDIxY2IwMTg3MTqAAn1xAVgKAAAAdGVzdGNvb2tpZXECWAYAAAB3b3JrZWRxA3Mu','2014-04-15 13:57:52'),('1axsp0il8hl2lpnon88f4d9390re2whw','N2Q2ZThkM2QwMjMxZGMyYzliZmE5YzQ2MjA5ZmEyNDIxY2IwMTg3MTqAAn1xAVgKAAAAdGVzdGNvb2tpZXECWAYAAAB3b3JrZWRxA3Mu','2014-04-15 13:53:48'),('25hu9as5e8no600ngdoacojypkg0hrwa','NjhhNzMyOWRiZTJjNTZhNzgxOGYyNmFhZDJkMzYxMWNmMDBiOTk5YjqAAn1xAShVEl9hdXRoX3VzZXJfYmFja2VuZHECVSlkamFuZ28uY29udHJpYi5hdXRoLmJhY2tlbmRzLk1vZGVsQmFja2VuZHEDVQ1fYXV0aF91c2VyX2lkcQSKAQF1Lg==','2014-01-27 09:56:49'),('27w7m1ucn6dz74juvqxsnk71d3igv1c7','NjhhNzMyOWRiZTJjNTZhNzgxOGYyNmFhZDJkMzYxMWNmMDBiOTk5YjqAAn1xAShVEl9hdXRoX3VzZXJfYmFja2VuZHECVSlkamFuZ28uY29udHJpYi5hdXRoLmJhY2tlbmRzLk1vZGVsQmFja2VuZHEDVQ1fYXV0aF91c2VyX2lkcQSKAQF1Lg==','2013-09-23 19:18:03'),('2zoxezptyc51c45070y7ho9orejok34h','N2Q2ZThkM2QwMjMxZGMyYzliZmE5YzQ2MjA5ZmEyNDIxY2IwMTg3MTqAAn1xAVgKAAAAdGVzdGNvb2tpZXECWAYAAAB3b3JrZWRxA3Mu','2014-01-23 11:54:34'),('39266a3f88d281f912ac90f2b37e97ac','NjhhNzMyOWRiZTJjNTZhNzgxOGYyNmFhZDJkMzYxMWNmMDBiOTk5YjqAAn1xAShVEl9hdXRoX3Vz\nZXJfYmFja2VuZHECVSlkamFuZ28uY29udHJpYi5hdXRoLmJhY2tlbmRzLk1vZGVsQmFja2VuZHED\nVQ1fYXV0aF91c2VyX2lkcQSKAQF1Lg==\n','2013-08-20 15:18:22'),('3j9uw9d4cxqnfm2r3q2jum3rt0e9sebn','N2Q2ZThkM2QwMjMxZGMyYzliZmE5YzQ2MjA5ZmEyNDIxY2IwMTg3MTqAAn1xAVgKAAAAdGVzdGNvb2tpZXECWAYAAAB3b3JrZWRxA3Mu','2014-04-15 13:50:37'),('4f12e07c7a40453b861ed97f631b3311','NjhhNzMyOWRiZTJjNTZhNzgxOGYyNmFhZDJkMzYxMWNmMDBiOTk5YjqAAn1xAShVEl9hdXRoX3Vz\nZXJfYmFja2VuZHECVSlkamFuZ28uY29udHJpYi5hdXRoLmJhY2tlbmRzLk1vZGVsQmFja2VuZHED\nVQ1fYXV0aF91c2VyX2lkcQSKAQF1Lg==\n','2013-09-05 11:03:35'),('4rrek9ttykopyaa5f9vbebv2a1y49e76','NjhhNzMyOWRiZTJjNTZhNzgxOGYyNmFhZDJkMzYxMWNmMDBiOTk5YjqAAn1xAShVEl9hdXRoX3VzZXJfYmFja2VuZHECVSlkamFuZ28uY29udHJpYi5hdXRoLmJhY2tlbmRzLk1vZGVsQmFja2VuZHEDVQ1fYXV0aF91c2VyX2lkcQSKAQF1Lg==','2014-04-29 15:58:53'),('4vm1eb8nk347z1vwq0opf270cdrbiluf','N2Q2ZThkM2QwMjMxZGMyYzliZmE5YzQ2MjA5ZmEyNDIxY2IwMTg3MTqAAn1xAVgKAAAAdGVzdGNvb2tpZXECWAYAAAB3b3JrZWRxA3Mu','2013-10-20 08:59:34'),('6f74e256d33a8f771dfbc28bfbd98fbd','NjhhNzMyOWRiZTJjNTZhNzgxOGYyNmFhZDJkMzYxMWNmMDBiOTk5YjqAAn1xAShVEl9hdXRoX3Vz\nZXJfYmFja2VuZHECVSlkamFuZ28uY29udHJpYi5hdXRoLmJhY2tlbmRzLk1vZGVsQmFja2VuZHED\nVQ1fYXV0aF91c2VyX2lkcQSKAQF1Lg==\n','2013-08-21 05:27:53'),('6obzp2dbdhufemlyphzmq1v7zbph583c','N2Q2ZThkM2QwMjMxZGMyYzliZmE5YzQ2MjA5ZmEyNDIxY2IwMTg3MTqAAn1xAVgKAAAAdGVzdGNvb2tpZXECWAYAAAB3b3JrZWRxA3Mu','2013-11-16 10:41:41'),('8e7306af9f7866e04d5c77ad0536fe03','NjhhNzMyOWRiZTJjNTZhNzgxOGYyNmFhZDJkMzYxMWNmMDBiOTk5YjqAAn1xAShVEl9hdXRoX3Vz\nZXJfYmFja2VuZHECVSlkamFuZ28uY29udHJpYi5hdXRoLmJhY2tlbmRzLk1vZGVsQmFja2VuZHED\nVQ1fYXV0aF91c2VyX2lkcQSKAQF1Lg==\n','2013-09-05 11:02:34'),('905hqpfae05tle5ibkeihgg8p7i74eh4','NjhhNzMyOWRiZTJjNTZhNzgxOGYyNmFhZDJkMzYxMWNmMDBiOTk5YjqAAn1xAShVEl9hdXRoX3VzZXJfYmFja2VuZHECVSlkamFuZ28uY29udHJpYi5hdXRoLmJhY2tlbmRzLk1vZGVsQmFja2VuZHEDVQ1fYXV0aF91c2VyX2lkcQSKAQF1Lg==','2013-12-06 19:16:36'),('a334z2kdesbd6fzdys4jyd7tt8cwejhi','N2Q2ZThkM2QwMjMxZGMyYzliZmE5YzQ2MjA5ZmEyNDIxY2IwMTg3MTqAAn1xAVgKAAAAdGVzdGNvb2tpZXECWAYAAAB3b3JrZWRxA3Mu','2013-12-16 11:51:30'),('c66325dc5d0cd5d314b9af3422f2065a','NjhhNzMyOWRiZTJjNTZhNzgxOGYyNmFhZDJkMzYxMWNmMDBiOTk5YjqAAn1xAShVEl9hdXRoX3Vz\nZXJfYmFja2VuZHECVSlkamFuZ28uY29udHJpYi5hdXRoLmJhY2tlbmRzLk1vZGVsQmFja2VuZHED\nVQ1fYXV0aF91c2VyX2lkcQSKAQF1Lg==\n','2013-09-04 05:48:02'),('ce0gylyy10lfnx05070m62493z2x94ns','NjhhNzMyOWRiZTJjNTZhNzgxOGYyNmFhZDJkMzYxMWNmMDBiOTk5YjqAAn1xAShVEl9hdXRoX3VzZXJfYmFja2VuZHECVSlkamFuZ28uY29udHJpYi5hdXRoLmJhY2tlbmRzLk1vZGVsQmFja2VuZHEDVQ1fYXV0aF91c2VyX2lkcQSKAQF1Lg==','2014-05-18 09:17:45'),('cfjjldjuzbezlf6tz8hsnyeb2igs1jgo','N2Q2ZThkM2QwMjMxZGMyYzliZmE5YzQ2MjA5ZmEyNDIxY2IwMTg3MTqAAn1xAVgKAAAAdGVzdGNvb2tpZXECWAYAAAB3b3JrZWRxA3Mu','2014-02-21 18:15:58'),('d8b75eafa6edc333b8c29d0b13f07091','NjhhNzMyOWRiZTJjNTZhNzgxOGYyNmFhZDJkMzYxMWNmMDBiOTk5YjqAAn1xAShVEl9hdXRoX3Vz\nZXJfYmFja2VuZHECVSlkamFuZ28uY29udHJpYi5hdXRoLmJhY2tlbmRzLk1vZGVsQmFja2VuZHED\nVQ1fYXV0aF91c2VyX2lkcQSKAQF1Lg==\n','2013-08-21 11:12:09'),('ekk662gx5w8vrrr9g1sfeheu0hkdig62','N2Q2ZThkM2QwMjMxZGMyYzliZmE5YzQ2MjA5ZmEyNDIxY2IwMTg3MTqAAn1xAVgKAAAAdGVzdGNvb2tpZXECWAYAAAB3b3JrZWRxA3Mu','2014-01-28 20:47:04'),('f5sbw1yhkpt8gwsrny8nhpmwjcfrtaqc','N2Q2ZThkM2QwMjMxZGMyYzliZmE5YzQ2MjA5ZmEyNDIxY2IwMTg3MTqAAn1xAVgKAAAAdGVzdGNvb2tpZXECWAYAAAB3b3JrZWRxA3Mu','2013-09-25 20:56:01'),('f99buvd95tmwbn7hzsd323hkcrbjb2fr','NjhhNzMyOWRiZTJjNTZhNzgxOGYyNmFhZDJkMzYxMWNmMDBiOTk5YjqAAn1xAShVEl9hdXRoX3VzZXJfYmFja2VuZHECVSlkamFuZ28uY29udHJpYi5hdXRoLmJhY2tlbmRzLk1vZGVsQmFja2VuZHEDVQ1fYXV0aF91c2VyX2lkcQSKAQF1Lg==','2013-09-08 16:37:45'),('gepn4d3ikrx3l2opdn93euetz9u4a4ws','NjhhNzMyOWRiZTJjNTZhNzgxOGYyNmFhZDJkMzYxMWNmMDBiOTk5YjqAAn1xAShVEl9hdXRoX3VzZXJfYmFja2VuZHECVSlkamFuZ28uY29udHJpYi5hdXRoLmJhY2tlbmRzLk1vZGVsQmFja2VuZHEDVQ1fYXV0aF91c2VyX2lkcQSKAQF1Lg==','2013-09-18 09:36:42'),('gy1ecwdax5cnoq9gtp4ev6y5phipdykp','N2Q2ZThkM2QwMjMxZGMyYzliZmE5YzQ2MjA5ZmEyNDIxY2IwMTg3MTqAAn1xAVgKAAAAdGVzdGNvb2tpZXECWAYAAAB3b3JrZWRxA3Mu','2013-10-29 12:07:16'),('h8p9u931xtqezo86kmb5k09i7oxowptd','NjhhNzMyOWRiZTJjNTZhNzgxOGYyNmFhZDJkMzYxMWNmMDBiOTk5YjqAAn1xAShVEl9hdXRoX3VzZXJfYmFja2VuZHECVSlkamFuZ28uY29udHJpYi5hdXRoLmJhY2tlbmRzLk1vZGVsQmFja2VuZHEDVQ1fYXV0aF91c2VyX2lkcQSKAQF1Lg==','2014-03-16 09:35:22'),('hit0jm3h5qyqnq9wniq3riihfy52xn7u','N2Q2ZThkM2QwMjMxZGMyYzliZmE5YzQ2MjA5ZmEyNDIxY2IwMTg3MTqAAn1xAVgKAAAAdGVzdGNvb2tpZXECWAYAAAB3b3JrZWRxA3Mu','2013-10-17 10:39:08'),('htbibmf8wmeeckbc04z8lf2h91vq9cro','N2Q2ZThkM2QwMjMxZGMyYzliZmE5YzQ2MjA5ZmEyNDIxY2IwMTg3MTqAAn1xAVgKAAAAdGVzdGNvb2tpZXECWAYAAAB3b3JrZWRxA3Mu','2013-10-29 12:07:16'),('hythb9e2t5q7y5nq85qk6tjzc219omfx','NjhhNzMyOWRiZTJjNTZhNzgxOGYyNmFhZDJkMzYxMWNmMDBiOTk5YjqAAn1xAShVEl9hdXRoX3VzZXJfYmFja2VuZHECVSlkamFuZ28uY29udHJpYi5hdXRoLmJhY2tlbmRzLk1vZGVsQmFja2VuZHEDVQ1fYXV0aF91c2VyX2lkcQSKAQF1Lg==','2013-09-18 07:19:44'),('ii5njowkhcb2smj3iw6x2vt4ayuo5qm7','NjhhNzMyOWRiZTJjNTZhNzgxOGYyNmFhZDJkMzYxMWNmMDBiOTk5YjqAAn1xAShVEl9hdXRoX3VzZXJfYmFja2VuZHECVSlkamFuZ28uY29udHJpYi5hdXRoLmJhY2tlbmRzLk1vZGVsQmFja2VuZHEDVQ1fYXV0aF91c2VyX2lkcQSKAQF1Lg==','2014-04-29 15:58:52'),('jbebyoovfj7ufvy4s50it2jxzcxsatto','NjhhNzMyOWRiZTJjNTZhNzgxOGYyNmFhZDJkMzYxMWNmMDBiOTk5YjqAAn1xAShVEl9hdXRoX3VzZXJfYmFja2VuZHECVSlkamFuZ28uY29udHJpYi5hdXRoLmJhY2tlbmRzLk1vZGVsQmFja2VuZHEDVQ1fYXV0aF91c2VyX2lkcQSKAQF1Lg==','2014-03-12 10:35:58'),('l0rtmqlmg3lg6w8rju7qxb8gm80v3xtr','NjhhNzMyOWRiZTJjNTZhNzgxOGYyNmFhZDJkMzYxMWNmMDBiOTk5YjqAAn1xAShVEl9hdXRoX3VzZXJfYmFja2VuZHECVSlkamFuZ28uY29udHJpYi5hdXRoLmJhY2tlbmRzLk1vZGVsQmFja2VuZHEDVQ1fYXV0aF91c2VyX2lkcQSKAQF1Lg==','2014-02-19 16:24:48'),('lpx48tqkddps4c8v2p7f51ewa75fnnhj','N2Q2ZThkM2QwMjMxZGMyYzliZmE5YzQ2MjA5ZmEyNDIxY2IwMTg3MTqAAn1xAVgKAAAAdGVzdGNvb2tpZXECWAYAAAB3b3JrZWRxA3Mu','2013-09-29 07:14:04'),('nnw748220fbp5ly9fey7r0qkuuk5s96v','NjhhNzMyOWRiZTJjNTZhNzgxOGYyNmFhZDJkMzYxMWNmMDBiOTk5YjqAAn1xAShVEl9hdXRoX3VzZXJfYmFja2VuZHECVSlkamFuZ28uY29udHJpYi5hdXRoLmJhY2tlbmRzLk1vZGVsQmFja2VuZHEDVQ1fYXV0aF91c2VyX2lkcQSKAQF1Lg==','2014-05-19 16:07:55'),('o0aqmffvxflrj0s598tnkiaerbmiv42t','NjhhNzMyOWRiZTJjNTZhNzgxOGYyNmFhZDJkMzYxMWNmMDBiOTk5YjqAAn1xAShVEl9hdXRoX3VzZXJfYmFja2VuZHECVSlkamFuZ28uY29udHJpYi5hdXRoLmJhY2tlbmRzLk1vZGVsQmFja2VuZHEDVQ1fYXV0aF91c2VyX2lkcQSKAQF1Lg==','2014-04-29 16:01:59'),('olcnltca39fxfrx49xutfnu17be7wq7y','N2Q2ZThkM2QwMjMxZGMyYzliZmE5YzQ2MjA5ZmEyNDIxY2IwMTg3MTqAAn1xAVgKAAAAdGVzdGNvb2tpZXECWAYAAAB3b3JrZWRxA3Mu','2014-04-22 03:27:10'),('pvq8b9heh15trtpgjsudr3dq21cpuoq0','N2Q2ZThkM2QwMjMxZGMyYzliZmE5YzQ2MjA5ZmEyNDIxY2IwMTg3MTqAAn1xAVgKAAAAdGVzdGNvb2tpZXECWAYAAAB3b3JrZWRxA3Mu','2014-03-31 10:26:32'),('qsfg301rswry3chh0zk1lo87dohup76w','NjhhNzMyOWRiZTJjNTZhNzgxOGYyNmFhZDJkMzYxMWNmMDBiOTk5YjqAAn1xAShVEl9hdXRoX3VzZXJfYmFja2VuZHECVSlkamFuZ28uY29udHJpYi5hdXRoLmJhY2tlbmRzLk1vZGVsQmFja2VuZHEDVQ1fYXV0aF91c2VyX2lkcQSKAQF1Lg==','2014-04-29 15:59:52'),('r5vpnoqwcxkarz8z6g01avbaeab85f2r','NjhhNzMyOWRiZTJjNTZhNzgxOGYyNmFhZDJkMzYxMWNmMDBiOTk5YjqAAn1xAShVEl9hdXRoX3VzZXJfYmFja2VuZHECVSlkamFuZ28uY29udHJpYi5hdXRoLmJhY2tlbmRzLk1vZGVsQmFja2VuZHEDVQ1fYXV0aF91c2VyX2lkcQSKAQF1Lg==','2013-11-20 10:52:20'),('rd0695zopjnffa6vdh2z68n0g5sk40ij','NjhhNzMyOWRiZTJjNTZhNzgxOGYyNmFhZDJkMzYxMWNmMDBiOTk5YjqAAn1xAShVEl9hdXRoX3VzZXJfYmFja2VuZHECVSlkamFuZ28uY29udHJpYi5hdXRoLmJhY2tlbmRzLk1vZGVsQmFja2VuZHEDVQ1fYXV0aF91c2VyX2lkcQSKAQF1Lg==','2014-01-11 16:03:17'),('sfaifk5kl467i0jwpntlnnyrf3wqgjkm','NjhhNzMyOWRiZTJjNTZhNzgxOGYyNmFhZDJkMzYxMWNmMDBiOTk5YjqAAn1xAShVEl9hdXRoX3VzZXJfYmFja2VuZHECVSlkamFuZ28uY29udHJpYi5hdXRoLmJhY2tlbmRzLk1vZGVsQmFja2VuZHEDVQ1fYXV0aF91c2VyX2lkcQSKAQF1Lg==','2014-04-06 11:29:32'),('srx51v5n7gx5gyw1j7nnqskvsn76ogj9','N2Q2ZThkM2QwMjMxZGMyYzliZmE5YzQ2MjA5ZmEyNDIxY2IwMTg3MTqAAn1xAVgKAAAAdGVzdGNvb2tpZXECWAYAAAB3b3JrZWRxA3Mu','2014-03-21 03:28:55'),('ty7eywz7oz9gpvowpe07snvnb2vsqqbp','N2Q2ZThkM2QwMjMxZGMyYzliZmE5YzQ2MjA5ZmEyNDIxY2IwMTg3MTqAAn1xAVgKAAAAdGVzdGNvb2tpZXECWAYAAAB3b3JrZWRxA3Mu','2014-04-15 13:50:37'),('w0qb0b2za8fe8zodme9609hdh0tllgj5','N2Q2ZThkM2QwMjMxZGMyYzliZmE5YzQ2MjA5ZmEyNDIxY2IwMTg3MTqAAn1xAVgKAAAAdGVzdGNvb2tpZXECWAYAAAB3b3JrZWRxA3Mu','2013-10-29 12:08:23'),('wmlgq92760kxpaeabgyyiz77g4afohp5','NjhhNzMyOWRiZTJjNTZhNzgxOGYyNmFhZDJkMzYxMWNmMDBiOTk5YjqAAn1xAShVEl9hdXRoX3VzZXJfYmFja2VuZHECVSlkamFuZ28uY29udHJpYi5hdXRoLmJhY2tlbmRzLk1vZGVsQmFja2VuZHEDVQ1fYXV0aF91c2VyX2lkcQSKAQF1Lg==','2013-12-27 20:20:15'),('x5l78bjcywiw3uckw60cknw3e2ho8juf','NjhhNzMyOWRiZTJjNTZhNzgxOGYyNmFhZDJkMzYxMWNmMDBiOTk5YjqAAn1xAShVEl9hdXRoX3VzZXJfYmFja2VuZHECVSlkamFuZ28uY29udHJpYi5hdXRoLmJhY2tlbmRzLk1vZGVsQmFja2VuZHEDVQ1fYXV0aF91c2VyX2lkcQSKAQF1Lg==','2013-10-10 10:36:47'),('y7kob9qoy3qhvt2s11abl1hasbubgxg8','NjhhNzMyOWRiZTJjNTZhNzgxOGYyNmFhZDJkMzYxMWNmMDBiOTk5YjqAAn1xAShVEl9hdXRoX3VzZXJfYmFja2VuZHECVSlkamFuZ28uY29udHJpYi5hdXRoLmJhY2tlbmRzLk1vZGVsQmFja2VuZHEDVQ1fYXV0aF91c2VyX2lkcQSKAQF1Lg==','2013-10-11 12:07:03'),('z34bf75la5mb79aif886sztbs2qu0a5i','NjhhNzMyOWRiZTJjNTZhNzgxOGYyNmFhZDJkMzYxMWNmMDBiOTk5YjqAAn1xAShVEl9hdXRoX3VzZXJfYmFja2VuZHECVSlkamFuZ28uY29udHJpYi5hdXRoLmJhY2tlbmRzLk1vZGVsQmFja2VuZHEDVQ1fYXV0aF91c2VyX2lkcQSKAQF1Lg==','2013-11-05 11:29:13'),('zgbfvf5pffknvllsdgbr14j4hcuhc6yg','N2Q2ZThkM2QwMjMxZGMyYzliZmE5YzQ2MjA5ZmEyNDIxY2IwMTg3MTqAAn1xAVgKAAAAdGVzdGNvb2tpZXECWAYAAAB3b3JrZWRxA3Mu','2014-01-23 11:54:42'),('zyvft4kfkssu7b3adyoj369u7uh25acs','N2Q2ZThkM2QwMjMxZGMyYzliZmE5YzQ2MjA5ZmEyNDIxY2IwMTg3MTqAAn1xAVgKAAAAdGVzdGNvb2tpZXECWAYAAAB3b3JrZWRxA3Mu','2014-01-18 01:43:35');
/*!40000 ALTER TABLE `django_session` ENABLE KEYS */;
UNLOCK TABLES;

--
-- Table structure for table `easy_thumbnails_source`
--

DROP TABLE IF EXISTS `easy_thumbnails_source`;
/*!40101 SET @saved_cs_client     = @@character_set_client */;
/*!40101 SET character_set_client = utf8 */;
CREATE TABLE `easy_thumbnails_source` (
  `id` int(11) NOT NULL AUTO_INCREMENT,
  `name` varchar(255) NOT NULL,
  `modified` datetime NOT NULL,
  `storage_hash` varchar(40) NOT NULL,
  PRIMARY KEY (`id`),
  UNIQUE KEY `easy_thumbnails_source_name_7549c98cc6dd6969_uniq` (`name`,`storage_hash`),
  KEY `easy_thumbnails_source_52094d6e` (`name`),
  KEY `easy_thumbnails_source_3a997c55` (`storage_hash`)
) ENGINE=InnoDB AUTO_INCREMENT=288 DEFAULT CHARSET=utf8;
/*!40101 SET character_set_client = @saved_cs_client */;

--
-- Dumping data for table `easy_thumbnails_source`
--

LOCK TABLES `easy_thumbnails_source` WRITE;
/*!40000 ALTER TABLE `easy_thumbnails_source` DISABLE KEYS */;
INSERT INTO `easy_thumbnails_source` VALUES (1,'uploads/memorials/Jellyfish.jpg','2013-08-06 16:57:07','f9bde26a1556cd667f742bd34ec7c55e'),(2,'uploads/memorials/Jellyfish_1.jpg','2013-08-06 16:59:54','f9bde26a1556cd667f742bd34ec7c55e'),(3,'uploads/memorials/Jellyfish_2.jpg','2013-08-06 17:07:14','f9bde26a1556cd667f742bd34ec7c55e'),(4,'uploads/memorials/Koala.jpg','2013-08-06 17:07:14','f9bde26a1556cd667f742bd34ec7c55e'),(5,'uploads/memorials/Desert_1.jpg','2013-08-06 17:11:23','f9bde26a1556cd667f742bd34ec7c55e'),(6,'uploads/memorials/Hydrangeas.jpg','2013-08-06 17:11:23','f9bde26a1556cd667f742bd34ec7c55e'),(7,'uploads/memorials/Koala_1.jpg','2013-08-06 17:37:53','f9bde26a1556cd667f742bd34ec7c55e'),(8,'uploads/memorials/Lighthouse.jpg','2013-08-06 17:37:53','f9bde26a1556cd667f742bd34ec7c55e'),(9,'uploads/memorials/2.png','2013-08-09 08:58:41','f9bde26a1556cd667f742bd34ec7c55e'),(10,'uploads/memorials/1.png','2013-08-09 08:58:41','f9bde26a1556cd667f742bd34ec7c55e'),(11,'uploads/memorials/2_1.png','2013-08-09 14:52:40','f9bde26a1556cd667f742bd34ec7c55e'),(12,'uploads/memorials/1_1.png','2013-08-09 14:52:40','f9bde26a1556cd667f742bd34ec7c55e'),(13,'uploads/memorials/2_2.png','2013-08-09 14:56:47','f9bde26a1556cd667f742bd34ec7c55e'),(14,'uploads/memorials/1_2.png','2013-08-09 14:56:47','f9bde26a1556cd667f742bd34ec7c55e'),(15,'uploads/memorials/2_3.png','2013-08-09 14:58:34','f9bde26a1556cd667f742bd34ec7c55e'),(16,'uploads/memorials/1_3.png','2013-08-09 14:58:34','f9bde26a1556cd667f742bd34ec7c55e'),(17,'uploads/memorials/2_4.png','2013-08-09 15:18:12','f9bde26a1556cd667f742bd34ec7c55e'),(18,'uploads/memorials/1_4.png','2013-08-09 15:18:12','f9bde26a1556cd667f742bd34ec7c55e'),(19,'uploads/memorials/2_5.png','2013-08-09 15:33:12','f9bde26a1556cd667f742bd34ec7c55e'),(20,'uploads/memorials/1_5.png','2013-08-09 15:33:12','f9bde26a1556cd667f742bd34ec7c55e'),(21,'uploads/memorials/2_6.png','2013-08-09 15:37:53','f9bde26a1556cd667f742bd34ec7c55e'),(22,'uploads/memorials/1_6.png','2013-08-09 15:37:53','f9bde26a1556cd667f742bd34ec7c55e'),(23,'uploads/memorials/2_8.png','2013-08-12 07:56:12','f9bde26a1556cd667f742bd34ec7c55e'),(24,'uploads/memorials/1_8.png','2013-08-12 07:56:12','f9bde26a1556cd667f742bd34ec7c55e'),(25,'uploads/memorials/2_7.png','2013-08-09 16:02:43','f9bde26a1556cd667f742bd34ec7c55e'),(26,'uploads/memorials/2_9.png','2013-08-12 08:08:30','f9bde26a1556cd667f742bd34ec7c55e'),(27,'uploads/memorials/2_10.png','2013-08-12 08:16:57','f9bde26a1556cd667f742bd34ec7c55e'),(28,'uploads/memorials/2_11.png','2013-08-12 08:19:27','f9bde26a1556cd667f742bd34ec7c55e'),(29,'uploads/memorials/2_12.png','2013-08-12 15:09:08','f9bde26a1556cd667f742bd34ec7c55e'),(30,'uploads/memorials/2_13.png','2013-08-12 15:10:43','f9bde26a1556cd667f742bd34ec7c55e'),(31,'uploads/memorials/2_14.png','2013-08-12 15:14:06','f9bde26a1556cd667f742bd34ec7c55e'),(32,'uploads/memorials/2_15.png','2013-08-12 15:22:47','f9bde26a1556cd667f742bd34ec7c55e'),(33,'uploads/memorials/2_16.png','2013-08-12 15:24:48','f9bde26a1556cd667f742bd34ec7c55e'),(34,'uploads/memorials/2_17.png','2013-08-12 15:26:37','f9bde26a1556cd667f742bd34ec7c55e'),(35,'uploads/memorials/2_18.png','2013-08-12 15:28:18','f9bde26a1556cd667f742bd34ec7c55e'),(36,'uploads/memorials/2_19.png','2013-08-12 15:30:24','f9bde26a1556cd667f742bd34ec7c55e'),(37,'uploads/memorials/2_20.png','2013-08-12 15:41:41','f9bde26a1556cd667f742bd34ec7c55e'),(38,'uploads/memorials/2_21.png','2013-08-12 15:44:02','f9bde26a1556cd667f742bd34ec7c55e'),(39,'uploads/memorials/2_22.png','2013-08-12 15:45:30','f9bde26a1556cd667f742bd34ec7c55e'),(40,'uploads/memorials/2_25.png','2013-08-13 13:29:23','f9bde26a1556cd667f742bd34ec7c55e'),(41,'uploads/memorials/2_23.png','2013-08-12 15:50:21','f9bde26a1556cd667f742bd34ec7c55e'),(42,'uploads/memorials/2_24.png','2013-08-12 15:51:50','f9bde26a1556cd667f742bd34ec7c55e'),(43,'uploads/memorials/2_26.png','2013-08-20 13:09:22','f9bde26a1556cd667f742bd34ec7c55e'),(44,'uploads/memorials/2_27.png','2013-08-20 14:21:08','f9bde26a1556cd667f742bd34ec7c55e'),(45,'uploads/memorials/2_28.png','2013-08-20 17:09:33','f9bde26a1556cd667f742bd34ec7c55e'),(46,'uploads/memorials/2_29.png','2013-08-20 17:11:35','f9bde26a1556cd667f742bd34ec7c55e'),(47,'uploads/memorials/2_30.png','2013-08-20 17:13:36','f9bde26a1556cd667f742bd34ec7c55e'),(48,'uploads/memorials/2_31.png','2013-08-20 17:15:14','f9bde26a1556cd667f742bd34ec7c55e'),(49,'uploads/memorials/2_32.png','2013-08-20 17:16:45','f9bde26a1556cd667f742bd34ec7c55e'),(50,'uploads/memorials/2_33.png','2013-08-20 17:18:40','f9bde26a1556cd667f742bd34ec7c55e'),(51,'uploads/memorials/2_34.png','2013-08-20 17:20:10','f9bde26a1556cd667f742bd34ec7c55e'),(52,'uploads/memorials/2_35.png','2013-08-20 17:25:46','f9bde26a1556cd667f742bd34ec7c55e'),(53,'uploads/memorials/2_36.png','2013-08-20 17:27:06','f9bde26a1556cd667f742bd34ec7c55e'),(54,'uploads/memorials/2_37.png','2013-08-20 17:30:45','f9bde26a1556cd667f742bd34ec7c55e'),(55,'uploads/memorials/2_38.png','2013-08-20 17:32:52','f9bde26a1556cd667f742bd34ec7c55e'),(56,'uploads/memorials/2_39.png','2013-08-20 17:35:52','f9bde26a1556cd667f742bd34ec7c55e'),(57,'uploads/memorials/2_40.png','2013-08-20 17:37:06','f9bde26a1556cd667f742bd34ec7c55e'),(58,'uploads/memorials/2_41.png','2013-08-20 17:39:20','f9bde26a1556cd667f742bd34ec7c55e'),(59,'uploads/memorials/2_42.png','2013-08-20 17:41:15','f9bde26a1556cd667f742bd34ec7c55e'),(60,'uploads/memorials/2_43.png','2013-08-20 17:45:48','f9bde26a1556cd667f742bd34ec7c55e'),(61,'uploads/memorials/2_44.png','2013-08-20 17:48:38','f9bde26a1556cd667f742bd34ec7c55e'),(62,'uploads/memorials/2_45.png','2013-08-20 17:50:42','f9bde26a1556cd667f742bd34ec7c55e'),(63,'uploads/memorials/2_46.png','2013-08-20 17:51:51','f9bde26a1556cd667f742bd34ec7c55e'),(64,'uploads/memorials/2_47.png','2013-08-20 17:53:49','f9bde26a1556cd667f742bd34ec7c55e'),(65,'uploads/memorials/2_48.png','2013-08-20 17:56:30','f9bde26a1556cd667f742bd34ec7c55e'),(66,'uploads/memorials/2_49.png','2013-08-20 17:58:49','f9bde26a1556cd667f742bd34ec7c55e'),(67,'uploads/memorials/2_50.png','2013-08-20 18:00:31','f9bde26a1556cd667f742bd34ec7c55e'),(68,'uploads/memorials/2_51.png','2013-08-20 18:02:32','f9bde26a1556cd667f742bd34ec7c55e'),(69,'uploads/memorials/2_52.png','2013-08-20 18:04:29','f9bde26a1556cd667f742bd34ec7c55e'),(70,'uploads/memorials/1_7.png','2013-08-09 16:02:43','f9bde26a1556cd667f742bd34ec7c55e'),(71,'uploads/memorials/1_9.png','2013-08-12 08:08:30','f9bde26a1556cd667f742bd34ec7c55e'),(72,'uploads/memorials/1_10.png','2013-08-12 08:16:57','f9bde26a1556cd667f742bd34ec7c55e'),(73,'uploads/memorials/1_11.png','2013-08-12 08:19:27','f9bde26a1556cd667f742bd34ec7c55e'),(74,'uploads/memorials/1_12.png','2013-08-12 15:09:08','f9bde26a1556cd667f742bd34ec7c55e'),(75,'uploads/memorials/1_13.png','2013-08-12 15:10:43','f9bde26a1556cd667f742bd34ec7c55e'),(76,'uploads/memorials/1_14.png','2013-08-12 15:14:06','f9bde26a1556cd667f742bd34ec7c55e'),(77,'uploads/memorials/1_15.png','2013-08-12 15:22:47','f9bde26a1556cd667f742bd34ec7c55e'),(78,'uploads/memorials/1_16.png','2013-08-12 15:24:48','f9bde26a1556cd667f742bd34ec7c55e'),(79,'uploads/memorials/1_17.png','2013-08-12 15:26:37','f9bde26a1556cd667f742bd34ec7c55e'),(80,'uploads/memorials/1_18.png','2013-08-12 15:28:18','f9bde26a1556cd667f742bd34ec7c55e'),(81,'uploads/memorials/1_19.png','2013-08-12 15:30:24','f9bde26a1556cd667f742bd34ec7c55e'),(82,'uploads/memorials/1_20.png','2013-08-12 15:41:41','f9bde26a1556cd667f742bd34ec7c55e'),(83,'uploads/memorials/1_21.png','2013-08-12 15:44:02','f9bde26a1556cd667f742bd34ec7c55e'),(84,'uploads/memorials/1_22.png','2013-08-12 15:45:30','f9bde26a1556cd667f742bd34ec7c55e'),(85,'uploads/memorials/1_25.png','2013-08-13 13:29:23','f9bde26a1556cd667f742bd34ec7c55e'),(86,'uploads/memorials/1_23.png','2013-08-12 15:50:21','f9bde26a1556cd667f742bd34ec7c55e'),(87,'uploads/memorials/1_24.png','2013-08-12 15:51:50','f9bde26a1556cd667f742bd34ec7c55e'),(88,'uploads/memorials/1_26.png','2013-08-20 13:09:22','f9bde26a1556cd667f742bd34ec7c55e'),(89,'uploads/memorials/1_27.png','2013-08-20 14:21:08','f9bde26a1556cd667f742bd34ec7c55e'),(90,'uploads/memorials/1_28.png','2013-08-20 17:09:33','f9bde26a1556cd667f742bd34ec7c55e'),(91,'uploads/memorials/1_29.png','2013-08-20 17:11:35','f9bde26a1556cd667f742bd34ec7c55e'),(92,'uploads/memorials/1_30.png','2013-08-20 17:13:36','f9bde26a1556cd667f742bd34ec7c55e'),(93,'uploads/memorials/1_31.png','2013-08-20 17:15:14','f9bde26a1556cd667f742bd34ec7c55e'),(94,'uploads/memorials/1_32.png','2013-08-20 17:16:45','f9bde26a1556cd667f742bd34ec7c55e'),(95,'uploads/memorials/1_33.png','2013-08-20 17:18:40','f9bde26a1556cd667f742bd34ec7c55e'),(96,'uploads/memorials/1_34.png','2013-08-20 17:20:10','f9bde26a1556cd667f742bd34ec7c55e'),(97,'uploads/memorials/1_35.png','2013-08-20 17:25:46','f9bde26a1556cd667f742bd34ec7c55e'),(98,'uploads/memorials/1_36.png','2013-08-20 17:27:06','f9bde26a1556cd667f742bd34ec7c55e'),(99,'uploads/memorials/1_37.png','2013-08-20 17:30:45','f9bde26a1556cd667f742bd34ec7c55e'),(100,'uploads/memorials/1_38.png','2013-08-20 17:32:52','f9bde26a1556cd667f742bd34ec7c55e'),(101,'uploads/memorials/1_39.png','2013-08-20 17:35:52','f9bde26a1556cd667f742bd34ec7c55e'),(102,'uploads/memorials/1_40.png','2013-08-20 17:37:06','f9bde26a1556cd667f742bd34ec7c55e'),(103,'uploads/memorials/1_41.png','2013-08-20 17:39:20','f9bde26a1556cd667f742bd34ec7c55e'),(104,'uploads/memorials/1_42.png','2013-08-20 17:41:15','f9bde26a1556cd667f742bd34ec7c55e'),(105,'uploads/memorials/1_43.png','2013-08-20 17:45:48','f9bde26a1556cd667f742bd34ec7c55e'),(106,'uploads/memorials/1_44.png','2013-08-20 17:48:38','f9bde26a1556cd667f742bd34ec7c55e'),(107,'uploads/memorials/1_45.png','2013-08-20 17:50:42','f9bde26a1556cd667f742bd34ec7c55e'),(108,'uploads/memorials/1_46.png','2013-08-20 17:51:51','f9bde26a1556cd667f742bd34ec7c55e'),(109,'uploads/memorials/1_47.png','2013-08-20 17:53:49','f9bde26a1556cd667f742bd34ec7c55e'),(110,'uploads/memorials/1_48.png','2013-08-20 17:56:30','f9bde26a1556cd667f742bd34ec7c55e'),(111,'uploads/memorials/1_49.png','2013-08-20 17:58:49','f9bde26a1556cd667f742bd34ec7c55e'),(112,'uploads/memorials/1_50.png','2013-08-20 18:00:31','f9bde26a1556cd667f742bd34ec7c55e'),(113,'uploads/memorials/1_51.png','2013-08-20 18:02:32','f9bde26a1556cd667f742bd34ec7c55e'),(114,'uploads/memorials/1_52.png','2013-08-20 18:04:29','f9bde26a1556cd667f742bd34ec7c55e'),(115,'uploads/memorials/2_53.png','2013-08-26 13:35:47','f9bde26a1556cd667f742bd34ec7c55e'),(116,'uploads/memorials/2_54.png','2013-08-26 13:36:29','f9bde26a1556cd667f742bd34ec7c55e'),(117,'uploads/memorials/2_55.png','2013-08-26 13:36:59','f9bde26a1556cd667f742bd34ec7c55e'),(118,'uploads/memorials/2_56.png','2013-08-26 13:41:15','f9bde26a1556cd667f742bd34ec7c55e'),(119,'uploads/memorials/2_57.png','2013-08-26 13:41:35','f9bde26a1556cd667f742bd34ec7c55e'),(120,'uploads/memorials/2_58.png','2013-08-26 13:41:56','f9bde26a1556cd667f742bd34ec7c55e'),(121,'uploads/memorials/2_59.png','2013-08-26 13:42:12','f9bde26a1556cd667f742bd34ec7c55e'),(122,'uploads/memorials/2_60.png','2013-08-26 13:42:26','f9bde26a1556cd667f742bd34ec7c55e'),(123,'uploads/memorials/2_61.png','2013-08-26 13:42:56','f9bde26a1556cd667f742bd34ec7c55e'),(124,'uploads/memorials/2_62.png','2013-08-26 13:43:18','f9bde26a1556cd667f742bd34ec7c55e'),(125,'uploads/memorials/2_63.png','2013-08-26 13:43:33','f9bde26a1556cd667f742bd34ec7c55e'),(126,'uploads/memorials/2_64.png','2013-08-26 13:43:47','f9bde26a1556cd667f742bd34ec7c55e'),(127,'uploads/memorials/2_65.png','2013-08-26 13:44:09','f9bde26a1556cd667f742bd34ec7c55e'),(128,'uploads/memorials/2_66.png','2013-08-26 13:44:22','f9bde26a1556cd667f742bd34ec7c55e'),(129,'uploads/memorials/2_67.png','2013-08-26 13:44:42','f9bde26a1556cd667f742bd34ec7c55e'),(130,'uploads/memorials/2_68.png','2013-08-26 13:45:06','f9bde26a1556cd667f742bd34ec7c55e'),(131,'uploads/memorials/2_69.png','2013-08-26 13:45:24','f9bde26a1556cd667f742bd34ec7c55e'),(132,'uploads/memorials/2_70.png','2013-08-26 13:45:40','f9bde26a1556cd667f742bd34ec7c55e'),(133,'uploads/memorials/2_71.png','2013-08-26 13:46:04','f9bde26a1556cd667f742bd34ec7c55e'),(134,'uploads/memorials/2_72.png','2013-08-26 13:46:27','f9bde26a1556cd667f742bd34ec7c55e'),(135,'uploads/memorials/2_73.png','2013-08-26 13:47:35','f9bde26a1556cd667f742bd34ec7c55e'),(136,'uploads/memorials/2_74.png','2013-08-26 13:48:01','f9bde26a1556cd667f742bd34ec7c55e'),(137,'uploads/memorials/2_75.png','2013-08-26 13:48:16','f9bde26a1556cd667f742bd34ec7c55e'),(138,'uploads/memorials/2_76.png','2013-08-26 13:48:31','f9bde26a1556cd667f742bd34ec7c55e'),(139,'uploads/memorials/2_77.png','2013-08-26 13:48:45','f9bde26a1556cd667f742bd34ec7c55e'),(140,'uploads/memorials/2_78.png','2013-08-26 13:48:57','f9bde26a1556cd667f742bd34ec7c55e'),(141,'uploads/memorials/2_79.png','2013-08-26 13:49:11','f9bde26a1556cd667f742bd34ec7c55e'),(142,'uploads/memorials/2_80.png','2013-08-26 13:49:27','f9bde26a1556cd667f742bd34ec7c55e'),(143,'uploads/memorials/2_81.png','2013-08-26 13:49:56','f9bde26a1556cd667f742bd34ec7c55e'),(144,'uploads/memorials/2_82.png','2013-08-26 13:50:12','f9bde26a1556cd667f742bd34ec7c55e'),(145,'uploads/memorials/2_83.png','2013-08-26 13:50:27','f9bde26a1556cd667f742bd34ec7c55e'),(146,'uploads/memorials/2_84.png','2013-08-26 13:50:41','f9bde26a1556cd667f742bd34ec7c55e'),(147,'uploads/memorials/2_85.png','2013-08-26 13:51:09','f9bde26a1556cd667f742bd34ec7c55e'),(148,'uploads/memorials/2_86.png','2013-08-26 13:51:20','f9bde26a1556cd667f742bd34ec7c55e'),(149,'uploads/memorials/2_87.png','2013-08-26 13:51:36','f9bde26a1556cd667f742bd34ec7c55e'),(150,'uploads/memorials/2_88.png','2013-08-26 13:51:51','f9bde26a1556cd667f742bd34ec7c55e'),(151,'uploads/memorials/2_89.png','2013-08-26 13:52:10','f9bde26a1556cd667f742bd34ec7c55e'),(152,'uploads/memorials/2_90.png','2013-08-26 13:52:25','f9bde26a1556cd667f742bd34ec7c55e'),(153,'uploads/memorials/2_91.png','2013-08-26 13:52:39','f9bde26a1556cd667f742bd34ec7c55e'),(154,'uploads/memorials/2_92.png','2013-08-26 13:52:53','f9bde26a1556cd667f742bd34ec7c55e'),(155,'uploads/memorials/2_93.png','2013-08-26 13:53:23','f9bde26a1556cd667f742bd34ec7c55e'),(156,'uploads/memorials/2_94.png','2013-08-26 13:53:40','f9bde26a1556cd667f742bd34ec7c55e'),(157,'uploads/memorials/2_95.png','2013-08-26 13:53:54','f9bde26a1556cd667f742bd34ec7c55e'),(158,'uploads/memorials/2_96.png','2013-08-26 13:54:06','f9bde26a1556cd667f742bd34ec7c55e'),(159,'uploads/memorials/2_97.png','2013-08-26 13:54:20','f9bde26a1556cd667f742bd34ec7c55e'),(160,'uploads/memorials/2_98.png','2013-08-26 13:54:34','f9bde26a1556cd667f742bd34ec7c55e'),(161,'uploads/memorials/2_99.png','2013-08-26 13:54:48','f9bde26a1556cd667f742bd34ec7c55e'),(162,'uploads/memorials/2_100.png','2013-08-26 13:55:03','f9bde26a1556cd667f742bd34ec7c55e'),(163,'uploads/memorials/2_101.png','2013-08-26 13:55:17','f9bde26a1556cd667f742bd34ec7c55e'),(164,'uploads/memorials/2_102.png','2013-08-26 13:55:31','f9bde26a1556cd667f742bd34ec7c55e'),(165,'uploads/memorials/2_103.png','2013-08-26 13:55:44','f9bde26a1556cd667f742bd34ec7c55e'),(166,'uploads/memorials/2_104.png','2013-08-26 13:55:57','f9bde26a1556cd667f742bd34ec7c55e'),(167,'uploads/memorials/2_105.png','2013-08-26 13:56:11','f9bde26a1556cd667f742bd34ec7c55e'),(168,'uploads/memorials/1_93.png','2013-08-26 13:53:23','f9bde26a1556cd667f742bd34ec7c55e'),(169,'uploads/memorials/1_53.png','2013-08-26 13:35:47','f9bde26a1556cd667f742bd34ec7c55e'),(170,'uploads/memorials/1_54.png','2013-08-26 13:36:29','f9bde26a1556cd667f742bd34ec7c55e'),(171,'uploads/memorials/1_105.png','2013-08-26 13:56:11','f9bde26a1556cd667f742bd34ec7c55e'),(172,'uploads/memorials/1_60.png','2013-08-26 13:42:26','f9bde26a1556cd667f742bd34ec7c55e'),(173,'uploads/memorials/1_97.png','2013-08-26 13:54:20','f9bde26a1556cd667f742bd34ec7c55e'),(174,'uploads/memorials/1_103.png','2013-08-26 13:55:44','f9bde26a1556cd667f742bd34ec7c55e'),(175,'uploads/memorials/1_65.png','2013-08-26 13:44:09','f9bde26a1556cd667f742bd34ec7c55e'),(176,'uploads/memorials/1_102.png','2013-08-26 13:55:31','f9bde26a1556cd667f742bd34ec7c55e'),(177,'uploads/ready/IMAG11811.jpg','2013-09-04 11:11:16','f9bde26a1556cd667f742bd34ec7c55e'),(178,'uploads/memorials/1_56.png','2013-08-26 13:41:15','f9bde26a1556cd667f742bd34ec7c55e'),(179,'uploads/memorials/1_55.png','2013-08-26 13:36:59','f9bde26a1556cd667f742bd34ec7c55e'),(180,'uploads/memorials/1_58.png','2013-08-26 13:41:56','f9bde26a1556cd667f742bd34ec7c55e'),(181,'uploads/memorials/1_72.png','2013-08-26 13:46:27','f9bde26a1556cd667f742bd34ec7c55e'),(182,'uploads/memorials/1_96.png','2013-08-26 13:54:06','f9bde26a1556cd667f742bd34ec7c55e'),(183,'uploads/memorials/1_86.png','2013-08-26 13:51:20','f9bde26a1556cd667f742bd34ec7c55e'),(184,'uploads/memorials/1_57.png','2013-08-26 13:41:35','f9bde26a1556cd667f742bd34ec7c55e'),(185,'uploads/memorials/1_87.png','2013-08-26 13:51:36','f9bde26a1556cd667f742bd34ec7c55e'),(186,'uploads/memorials/1_101.png','2013-08-26 13:55:17','f9bde26a1556cd667f742bd34ec7c55e'),(187,'uploads/memorials/1_104.png','2013-08-26 13:55:57','f9bde26a1556cd667f742bd34ec7c55e'),(188,'uploads/memorials/1_83.png','2013-08-26 13:50:27','f9bde26a1556cd667f742bd34ec7c55e'),(189,'uploads/memorials/1_66.png','2013-08-26 13:44:22','f9bde26a1556cd667f742bd34ec7c55e'),(190,'uploads/memorials/1_63.png','2013-08-26 13:43:33','f9bde26a1556cd667f742bd34ec7c55e'),(191,'uploads/memorials/1_84.png','2013-08-26 13:50:41','f9bde26a1556cd667f742bd34ec7c55e'),(192,'uploads/memorials/1_81.png','2013-08-26 13:49:56','f9bde26a1556cd667f742bd34ec7c55e'),(193,'uploads/memorials/1_85.png','2013-08-26 13:51:09','f9bde26a1556cd667f742bd34ec7c55e'),(194,'uploads/memorials/1_82.png','2013-08-26 13:50:12','f9bde26a1556cd667f742bd34ec7c55e'),(195,'uploads/memorials/1_76.png','2013-08-26 13:48:31','f9bde26a1556cd667f742bd34ec7c55e'),(196,'uploads/memorials/1_98.png','2013-08-26 13:54:34','f9bde26a1556cd667f742bd34ec7c55e'),(197,'uploads/memorials/1_80.png','2013-08-26 13:49:27','f9bde26a1556cd667f742bd34ec7c55e'),(198,'uploads/memorials/1_99.png','2013-08-26 13:54:48','f9bde26a1556cd667f742bd34ec7c55e'),(199,'uploads/memorials/1_73.png','2013-08-26 13:47:35','f9bde26a1556cd667f742bd34ec7c55e'),(200,'uploads/memorials/1_74.png','2013-08-26 13:48:01','f9bde26a1556cd667f742bd34ec7c55e'),(201,'uploads/memorials/1_79.png','2013-08-26 13:49:11','f9bde26a1556cd667f742bd34ec7c55e'),(202,'uploads/memorials/1_71.png','2013-08-26 13:46:04','f9bde26a1556cd667f742bd34ec7c55e'),(203,'uploads/memorials/1_100.png','2013-08-26 13:55:03','f9bde26a1556cd667f742bd34ec7c55e'),(204,'uploads/memorials/1_92.png','2013-08-26 13:52:53','f9bde26a1556cd667f742bd34ec7c55e'),(205,'uploads/memorials/1_68.png','2013-08-26 13:45:06','f9bde26a1556cd667f742bd34ec7c55e'),(206,'uploads/memorials/1_91.png','2013-08-26 13:52:39','f9bde26a1556cd667f742bd34ec7c55e'),(207,'uploads/memorials/1_61.png','2013-08-26 13:42:56','f9bde26a1556cd667f742bd34ec7c55e'),(208,'uploads/memorials/1_89.png','2013-08-26 13:52:10','f9bde26a1556cd667f742bd34ec7c55e'),(209,'uploads/memorials/1_70.png','2013-08-26 13:45:40','f9bde26a1556cd667f742bd34ec7c55e'),(210,'uploads/memorials/1_67.png','2013-08-26 13:44:42','f9bde26a1556cd667f742bd34ec7c55e'),(211,'uploads/memorials/1_69.png','2013-08-26 13:45:24','f9bde26a1556cd667f742bd34ec7c55e'),(212,'uploads/memorials/1_64.png','2013-08-26 13:43:47','f9bde26a1556cd667f742bd34ec7c55e'),(213,'uploads/memorials/1_75.png','2013-08-26 13:48:16','f9bde26a1556cd667f742bd34ec7c55e'),(214,'uploads/memorials/1_95.png','2013-08-26 13:53:54','f9bde26a1556cd667f742bd34ec7c55e'),(215,'uploads/memorials/1_94.png','2013-08-26 13:53:40','f9bde26a1556cd667f742bd34ec7c55e'),(216,'uploads/memorials/1_78.png','2013-08-26 13:48:57','f9bde26a1556cd667f742bd34ec7c55e'),(217,'uploads/memorials/1_77.png','2013-08-26 13:48:45','f9bde26a1556cd667f742bd34ec7c55e'),(218,'uploads/memorials/1_90.png','2013-08-26 13:52:25','f9bde26a1556cd667f742bd34ec7c55e'),(219,'uploads/memorials/1_88.png','2013-08-26 13:51:51','f9bde26a1556cd667f742bd34ec7c55e'),(220,'uploads/memorials/1_59.png','2013-08-26 13:42:12','f9bde26a1556cd667f742bd34ec7c55e'),(221,'uploads/memorials/1_62.png','2013-08-26 13:43:18','f9bde26a1556cd667f742bd34ec7c55e'),(222,'uploads/ready/IMAG15051.jpg','2013-09-04 11:18:07','f9bde26a1556cd667f742bd34ec7c55e'),(223,'uploads/ready/IMAG16161.jpg','2013-09-04 11:23:37','f9bde26a1556cd667f742bd34ec7c55e'),(224,'uploads/ready/IMAG16671.jpg','2013-09-04 11:07:38','f9bde26a1556cd667f742bd34ec7c55e'),(225,'uploads/ready/IMAG15431.jpg','2013-09-04 11:28:06','f9bde26a1556cd667f742bd34ec7c55e'),(226,'uploads/ready/IMAG14891.jpg','2013-09-04 10:23:55','f9bde26a1556cd667f742bd34ec7c55e'),(227,'uploads/ready/IMAG18461.jpg','2013-09-04 10:30:47','f9bde26a1556cd667f742bd34ec7c55e'),(228,'uploads/ready/IMAG13231.jpg','2013-09-04 11:26:58','f9bde26a1556cd667f742bd34ec7c55e'),(229,'uploads/ready/IMAG16081.jpg','2013-09-04 10:24:37','f9bde26a1556cd667f742bd34ec7c55e'),(230,'uploads/ready/IMAG17351.jpg','2013-09-04 10:30:11','f9bde26a1556cd667f742bd34ec7c55e'),(231,'uploads/ready/S63001061.jpg','2013-09-04 10:53:56','f9bde26a1556cd667f742bd34ec7c55e'),(232,'uploads/ready/IMAG16421.jpg','2013-09-04 10:56:02','f9bde26a1556cd667f742bd34ec7c55e'),(233,'uploads/ready/IMAG17241.jpg','2013-09-04 11:16:48','f9bde26a1556cd667f742bd34ec7c55e'),(234,'uploads/ready/IMAG16911.jpg','2013-09-04 11:20:13','f9bde26a1556cd667f742bd34ec7c55e'),(235,'uploads/ready/IMAG13311.jpg','2013-09-04 11:22:08','f9bde26a1556cd667f742bd34ec7c55e'),(236,'uploads/ready/IMAG11831.jpg','2013-09-04 11:25:20','f9bde26a1556cd667f742bd34ec7c55e'),(237,'uploads/ready/IMAG15471.jpg','2013-09-04 11:34:30','f9bde26a1556cd667f742bd34ec7c55e'),(238,'uploads/ready/IMAG14421.jpg','2013-09-04 11:40:15','f9bde26a1556cd667f742bd34ec7c55e'),(239,'uploads/ready/IMAG16031.jpg','2013-09-04 11:42:16','f9bde26a1556cd667f742bd34ec7c55e'),(240,'uploads/ready/IMAG17711.jpg','2013-09-04 11:47:20','f9bde26a1556cd667f742bd34ec7c55e'),(241,'uploads/ready/IMAG17381.jpg','2013-09-04 11:47:48','f9bde26a1556cd667f742bd34ec7c55e'),(242,'uploads/ready/IMAG09801.jpg','2013-09-04 12:33:25','f9bde26a1556cd667f742bd34ec7c55e'),(243,'uploads/ready/IMAG09781.jpg','2013-09-04 12:36:31','f9bde26a1556cd667f742bd34ec7c55e'),(244,'uploads/ready/IMAG13951.jpg','2013-09-04 12:48:04','f9bde26a1556cd667f742bd34ec7c55e'),(245,'uploads/ready/IMAG13811.jpg','2013-09-04 12:48:38','f9bde26a1556cd667f742bd34ec7c55e'),(246,'uploads/ready/IMAG13921.jpg','2013-09-04 12:49:23','f9bde26a1556cd667f742bd34ec7c55e'),(247,'uploads/ready/IMAG17521.jpg','2013-09-04 12:50:31','f9bde26a1556cd667f742bd34ec7c55e'),(248,'uploads/ready/IMAG17041.jpg','2013-09-04 12:51:02','f9bde26a1556cd667f742bd34ec7c55e'),(249,'uploads/ready/EjWWb6ONNNY1.jpg','2013-09-04 12:52:51','f9bde26a1556cd667f742bd34ec7c55e'),(250,'uploads/ready/y3n2fN4k73I.jpg','2014-05-10 15:04:07','f9bde26a1556cd667f742bd34ec7c55e'),(251,'uploads/ready/xMni5ZpH3pE.jpg','2014-05-10 15:04:26','f9bde26a1556cd667f742bd34ec7c55e'),(252,'uploads/ready/XIVGobmiBq4.jpg','2014-05-10 15:09:49','f9bde26a1556cd667f742bd34ec7c55e'),(253,'uploads/ready/WLptjkPMoJs.jpg','2014-05-10 15:10:03','f9bde26a1556cd667f742bd34ec7c55e'),(254,'uploads/ready/w8k11aq785k.jpg','2014-05-10 15:10:20','f9bde26a1556cd667f742bd34ec7c55e'),(255,'uploads/ready/VYVARSv9LRM.jpg','2014-05-10 15:10:40','f9bde26a1556cd667f742bd34ec7c55e'),(256,'uploads/ready/vOhSPGzzvmI.jpg','2014-05-10 15:10:54','f9bde26a1556cd667f742bd34ec7c55e'),(257,'uploads/ready/TViiqoqq2_w.jpg','2014-05-10 15:11:04','f9bde26a1556cd667f742bd34ec7c55e'),(258,'uploads/ready/tAcxjywCtAA.jpg','2014-05-10 15:11:19','f9bde26a1556cd667f742bd34ec7c55e'),(259,'uploads/ready/s8Dkl27JV8A.jpg','2014-05-10 15:11:32','f9bde26a1556cd667f742bd34ec7c55e'),(260,'uploads/ready/pPNVf16kxyA.jpg','2014-05-10 15:11:45','f9bde26a1556cd667f742bd34ec7c55e'),(261,'uploads/ready/O7nKkfsDTWs.jpg','2014-05-10 15:12:03','f9bde26a1556cd667f742bd34ec7c55e'),(262,'uploads/ready/nrjISbZpgt0.jpg','2014-05-10 15:12:15','f9bde26a1556cd667f742bd34ec7c55e'),(263,'uploads/ready/MlErCPaRXa8.jpg','2014-05-10 15:12:25','f9bde26a1556cd667f742bd34ec7c55e'),(264,'uploads/ready/LZT-zxSUXEM.jpg','2014-05-10 15:12:38','f9bde26a1556cd667f742bd34ec7c55e'),(265,'uploads/ready/lOOhjnlWla8.jpg','2014-05-10 15:12:49','f9bde26a1556cd667f742bd34ec7c55e'),(266,'uploads/ready/LepJG8gutEk.jpg','2014-05-10 15:13:02','f9bde26a1556cd667f742bd34ec7c55e'),(267,'uploads/ready/KG6TePuU2GA.jpg','2014-05-10 15:13:26','f9bde26a1556cd667f742bd34ec7c55e'),(268,'uploads/ready/j6sG9VWdQRY.jpg','2014-05-10 15:13:39','f9bde26a1556cd667f742bd34ec7c55e'),(269,'uploads/ready/iRSTXRh7G1E.jpg','2014-05-10 15:13:49','f9bde26a1556cd667f742bd34ec7c55e'),(270,'uploads/ready/HLAW8dFyFCo.jpg','2014-05-10 15:13:57','f9bde26a1556cd667f742bd34ec7c55e'),(271,'uploads/ready/HLAW8dFyFCo_1.jpg','2014-05-10 15:14:09','f9bde26a1556cd667f742bd34ec7c55e'),(272,'uploads/ready/G9RJ4oDyw8Q.jpg','2014-05-10 15:14:19','f9bde26a1556cd667f742bd34ec7c55e'),(273,'uploads/ready/78LX-w5Am-o.jpg','2014-05-10 15:14:34','f9bde26a1556cd667f742bd34ec7c55e'),(274,'uploads/ready/G7b15uQLknc.jpg','2014-05-10 15:14:44','f9bde26a1556cd667f742bd34ec7c55e'),(275,'uploads/ready/DZW7Yzq3ln8.jpg','2014-05-10 15:14:52','f9bde26a1556cd667f742bd34ec7c55e'),(276,'uploads/ready/cpGycl2D1j4.jpg','2014-05-10 15:15:00','f9bde26a1556cd667f742bd34ec7c55e'),(277,'uploads/ready/CLkuVRhKVz0.jpg','2014-05-10 15:15:08','f9bde26a1556cd667f742bd34ec7c55e'),(281,'uploads/ready/AF1BaDn8BoU.jpg','2014-05-10 15:15:18','f9bde26a1556cd667f742bd34ec7c55e'),(283,'uploads/ready/4OAUlelXVVg.jpg','2014-05-10 15:15:26','f9bde26a1556cd667f742bd34ec7c55e'),(284,'uploads/ready/3cgQIp8a57o.jpg','2014-05-10 15:15:34','f9bde26a1556cd667f742bd34ec7c55e'),(285,'uploads/ready/2wn3Ivh44ro.jpg','2014-05-10 15:15:43','f9bde26a1556cd667f742bd34ec7c55e'),(286,'uploads/ready/0-i5sYd7rAY.jpg','2014-05-10 15:15:51','f9bde26a1556cd667f742bd34ec7c55e'),(287,'uploads/ready/se1HGxkPs-0.jpg','2014-05-10 15:16:05','f9bde26a1556cd667f742bd34ec7c55e');
/*!40000 ALTER TABLE `easy_thumbnails_source` ENABLE KEYS */;
UNLOCK TABLES;

--
-- Table structure for table `easy_thumbnails_thumbnail`
--

DROP TABLE IF EXISTS `easy_thumbnails_thumbnail`;
/*!40101 SET @saved_cs_client     = @@character_set_client */;
/*!40101 SET character_set_client = utf8 */;
CREATE TABLE `easy_thumbnails_thumbnail` (
  `id` int(11) NOT NULL AUTO_INCREMENT,
  `name` varchar(255) NOT NULL,
  `modified` datetime NOT NULL,
  `source_id` int(11) NOT NULL,
  `storage_hash` varchar(40) NOT NULL,
  PRIMARY KEY (`id`),
  UNIQUE KEY `easy_thumbnails_thumbnail_source_id_1f50d53db8191480_uniq` (`source_id`,`name`,`storage_hash`),
  KEY `easy_thumbnails_thumbnail_89f89e85` (`source_id`),
  KEY `easy_thumbnails_thumbnail_52094d6e` (`name`),
  KEY `easy_thumbnails_thumbnail_3a997c55` (`storage_hash`),
  CONSTRAINT `source_id_refs_id_5bffe8f5` FOREIGN KEY (`source_id`) REFERENCES `easy_thumbnails_source` (`id`)
) ENGINE=InnoDB AUTO_INCREMENT=696 DEFAULT CHARSET=utf8;
/*!40101 SET character_set_client = @saved_cs_client */;

--
-- Dumping data for table `easy_thumbnails_thumbnail`
--

LOCK TABLES `easy_thumbnails_thumbnail` WRITE;
/*!40000 ALTER TABLE `easy_thumbnails_thumbnail` DISABLE KEYS */;
INSERT INTO `easy_thumbnails_thumbnail` VALUES (1,'uploads/memorials/Jellyfish_2.jpg.100x100_q85_crop_detail_upscale.jpg','2013-08-06 17:10:45',3,'d26becbf46ac48eda79c7a39a13a02dd'),(2,'uploads/memorials/Koala.jpg.100x100_q85_crop_detail_upscale.jpg','2013-08-06 17:10:45',4,'d26becbf46ac48eda79c7a39a13a02dd'),(3,'uploads/memorials/Desert_1.jpg.100x100_q85_crop_detail_upscale.jpg','2013-08-06 17:11:26',5,'d26becbf46ac48eda79c7a39a13a02dd'),(4,'uploads/memorials/Hydrangeas.jpg.100x100_q85_crop_detail_upscale.jpg','2013-08-06 17:11:26',6,'d26becbf46ac48eda79c7a39a13a02dd'),(5,'uploads/memorials/Koala_1.jpg.100x100_q85_crop_detail_upscale.jpg','2013-08-06 18:37:35',7,'d26becbf46ac48eda79c7a39a13a02dd'),(6,'uploads/memorials/Lighthouse.jpg.100x100_q85_crop_detail_upscale.jpg','2013-08-06 18:37:35',8,'d26becbf46ac48eda79c7a39a13a02dd'),(7,'uploads/memorials/2.png.100x100_q85_crop_detail_upscale.png','2013-08-09 08:59:14',9,'d26becbf46ac48eda79c7a39a13a02dd'),(8,'uploads/memorials/1.png.100x100_q85_crop_detail_upscale.png','2013-08-09 08:59:15',10,'d26becbf46ac48eda79c7a39a13a02dd'),(9,'uploads/memorials/2_1.png.100x100_q85_crop_detail_upscale.png','2013-08-09 15:24:33',11,'d26becbf46ac48eda79c7a39a13a02dd'),(10,'uploads/memorials/1_1.png.100x100_q85_crop_detail_upscale.png','2013-08-09 15:24:33',12,'d26becbf46ac48eda79c7a39a13a02dd'),(11,'uploads/memorials/2_2.png.100x100_q85_crop_detail_upscale.png','2013-08-09 15:25:13',13,'d26becbf46ac48eda79c7a39a13a02dd'),(12,'uploads/memorials/1_2.png.100x100_q85_crop_detail_upscale.png','2013-08-09 15:25:13',14,'d26becbf46ac48eda79c7a39a13a02dd'),(13,'uploads/memorials/2_3.png.100x100_q85_crop_detail_upscale.png','2013-08-09 15:25:33',15,'d26becbf46ac48eda79c7a39a13a02dd'),(14,'uploads/memorials/1_3.png.100x100_q85_crop_detail_upscale.png','2013-08-09 15:25:34',16,'d26becbf46ac48eda79c7a39a13a02dd'),(15,'uploads/memorials/2_4.png.100x100_q85_crop_detail_upscale.png','2013-08-09 15:26:08',17,'d26becbf46ac48eda79c7a39a13a02dd'),(16,'uploads/memorials/1_4.png.100x100_q85_crop_detail_upscale.png','2013-08-09 15:26:08',18,'d26becbf46ac48eda79c7a39a13a02dd'),(17,'uploads/memorials/2_5.png.100x100_q85_crop_detail_upscale.png','2013-08-09 15:42:19',19,'d26becbf46ac48eda79c7a39a13a02dd'),(18,'uploads/memorials/1_5.png.100x100_q85_crop_detail_upscale.png','2013-08-09 15:42:19',20,'d26becbf46ac48eda79c7a39a13a02dd'),(19,'uploads/memorials/2_6.png.100x100_q85_crop_detail_upscale.png','2013-08-09 15:42:48',21,'d26becbf46ac48eda79c7a39a13a02dd'),(20,'uploads/memorials/1_6.png.100x100_q85_crop_detail_upscale.png','2013-08-09 15:42:49',22,'d26becbf46ac48eda79c7a39a13a02dd'),(21,'uploads/memorials/2_8.png.100x100_q85_crop_detail_upscale.png','2013-08-12 15:02:39',23,'d26becbf46ac48eda79c7a39a13a02dd'),(22,'uploads/memorials/1_8.png.100x100_q85_crop_detail_upscale.png','2013-08-12 15:02:39',24,'d26becbf46ac48eda79c7a39a13a02dd'),(23,'uploads/memorials/2.png.230x320_q85_crop.png','2013-08-21 07:20:28',9,'d26becbf46ac48eda79c7a39a13a02dd'),(24,'uploads/memorials/2.png.230x320_q85.png','2013-08-21 07:20:28',9,'d26becbf46ac48eda79c7a39a13a02dd'),(25,'uploads/memorials/2_1.png.230x320_q85_crop.png','2013-08-21 07:20:29',11,'d26becbf46ac48eda79c7a39a13a02dd'),(26,'uploads/memorials/2_1.png.230x320_q85.png','2013-08-21 07:20:29',11,'d26becbf46ac48eda79c7a39a13a02dd'),(27,'uploads/memorials/2_2.png.230x320_q85_crop.png','2013-08-21 07:20:29',13,'d26becbf46ac48eda79c7a39a13a02dd'),(28,'uploads/memorials/2_2.png.230x320_q85.png','2013-08-21 07:20:29',13,'d26becbf46ac48eda79c7a39a13a02dd'),(29,'uploads/memorials/2_3.png.230x320_q85_crop.png','2013-08-21 07:20:30',15,'d26becbf46ac48eda79c7a39a13a02dd'),(30,'uploads/memorials/2_3.png.230x320_q85.png','2013-08-21 07:20:30',15,'d26becbf46ac48eda79c7a39a13a02dd'),(31,'uploads/memorials/2_4.png.230x320_q85_crop.png','2013-08-21 07:20:30',17,'d26becbf46ac48eda79c7a39a13a02dd'),(32,'uploads/memorials/2_4.png.230x320_q85.png','2013-08-21 07:20:30',17,'d26becbf46ac48eda79c7a39a13a02dd'),(33,'uploads/memorials/2_6.png.230x320_q85_crop.png','2013-08-21 07:20:30',21,'d26becbf46ac48eda79c7a39a13a02dd'),(34,'uploads/memorials/2_6.png.230x320_q85.png','2013-08-21 07:20:31',21,'d26becbf46ac48eda79c7a39a13a02dd'),(35,'uploads/memorials/2_7.png.230x320_q85_crop.png','2013-08-21 07:20:31',25,'d26becbf46ac48eda79c7a39a13a02dd'),(36,'uploads/memorials/2_7.png.230x320_q85.png','2013-08-21 07:20:31',25,'d26becbf46ac48eda79c7a39a13a02dd'),(37,'uploads/memorials/2_5.png.230x320_q85_crop.png','2013-08-21 07:20:32',19,'d26becbf46ac48eda79c7a39a13a02dd'),(38,'uploads/memorials/2_5.png.230x320_q85.png','2013-08-21 07:20:32',19,'d26becbf46ac48eda79c7a39a13a02dd'),(39,'uploads/memorials/2_8.png.230x320_q85_crop.png','2013-08-21 07:20:32',23,'d26becbf46ac48eda79c7a39a13a02dd'),(40,'uploads/memorials/2_8.png.230x320_q85.png','2013-08-21 07:20:33',23,'d26becbf46ac48eda79c7a39a13a02dd'),(41,'uploads/memorials/2_9.png.230x320_q85_crop.png','2013-08-21 07:20:33',26,'d26becbf46ac48eda79c7a39a13a02dd'),(42,'uploads/memorials/2_9.png.230x320_q85.png','2013-08-21 07:20:33',26,'d26becbf46ac48eda79c7a39a13a02dd'),(43,'uploads/memorials/2_10.png.230x320_q85_crop.png','2013-08-21 07:20:33',27,'d26becbf46ac48eda79c7a39a13a02dd'),(44,'uploads/memorials/2_10.png.230x320_q85.png','2013-08-21 07:20:33',27,'d26becbf46ac48eda79c7a39a13a02dd'),(45,'uploads/memorials/2_11.png.230x320_q85_crop.png','2013-08-21 07:20:34',28,'d26becbf46ac48eda79c7a39a13a02dd'),(46,'uploads/memorials/2_11.png.230x320_q85.png','2013-08-21 07:20:34',28,'d26becbf46ac48eda79c7a39a13a02dd'),(47,'uploads/memorials/2_12.png.230x320_q85_crop.png','2013-08-21 07:20:34',29,'d26becbf46ac48eda79c7a39a13a02dd'),(48,'uploads/memorials/2_12.png.230x320_q85.png','2013-08-21 07:20:35',29,'d26becbf46ac48eda79c7a39a13a02dd'),(49,'uploads/memorials/2_13.png.230x320_q85_crop.png','2013-08-21 07:20:35',30,'d26becbf46ac48eda79c7a39a13a02dd'),(50,'uploads/memorials/2_13.png.230x320_q85.png','2013-08-21 07:20:35',30,'d26becbf46ac48eda79c7a39a13a02dd'),(51,'uploads/memorials/2_14.png.230x320_q85_crop.png','2013-08-21 07:20:36',31,'d26becbf46ac48eda79c7a39a13a02dd'),(52,'uploads/memorials/2_14.png.230x320_q85.png','2013-08-21 07:20:36',31,'d26becbf46ac48eda79c7a39a13a02dd'),(53,'uploads/memorials/2_15.png.230x320_q85_crop.png','2013-08-21 07:20:36',32,'d26becbf46ac48eda79c7a39a13a02dd'),(54,'uploads/memorials/2_15.png.230x320_q85.png','2013-08-21 07:20:37',32,'d26becbf46ac48eda79c7a39a13a02dd'),(55,'uploads/memorials/2_16.png.230x320_q85_crop.png','2013-08-21 07:20:37',33,'d26becbf46ac48eda79c7a39a13a02dd'),(56,'uploads/memorials/2_16.png.230x320_q85.png','2013-08-21 07:20:37',33,'d26becbf46ac48eda79c7a39a13a02dd'),(57,'uploads/memorials/2_17.png.230x320_q85_crop.png','2013-08-21 07:20:38',34,'d26becbf46ac48eda79c7a39a13a02dd'),(58,'uploads/memorials/2_17.png.230x320_q85.png','2013-08-21 07:20:38',34,'d26becbf46ac48eda79c7a39a13a02dd'),(59,'uploads/memorials/2_18.png.230x320_q85_crop.png','2013-08-21 07:20:38',35,'d26becbf46ac48eda79c7a39a13a02dd'),(60,'uploads/memorials/2_18.png.230x320_q85.png','2013-08-21 07:20:38',35,'d26becbf46ac48eda79c7a39a13a02dd'),(61,'uploads/memorials/2_19.png.230x320_q85_crop.png','2013-08-21 07:20:39',36,'d26becbf46ac48eda79c7a39a13a02dd'),(62,'uploads/memorials/2_19.png.230x320_q85.png','2013-08-21 07:20:39',36,'d26becbf46ac48eda79c7a39a13a02dd'),(63,'uploads/memorials/2_20.png.230x320_q85_crop.png','2013-08-21 07:20:39',37,'d26becbf46ac48eda79c7a39a13a02dd'),(64,'uploads/memorials/2_20.png.230x320_q85.png','2013-08-21 07:20:39',37,'d26becbf46ac48eda79c7a39a13a02dd'),(65,'uploads/memorials/2_21.png.230x320_q85_crop.png','2013-08-21 07:20:39',38,'d26becbf46ac48eda79c7a39a13a02dd'),(66,'uploads/memorials/2_21.png.230x320_q85.png','2013-08-21 07:20:40',38,'d26becbf46ac48eda79c7a39a13a02dd'),(67,'uploads/memorials/2_22.png.230x320_q85_crop.png','2013-08-21 07:20:40',39,'d26becbf46ac48eda79c7a39a13a02dd'),(68,'uploads/memorials/2_22.png.230x320_q85.png','2013-08-21 07:20:40',39,'d26becbf46ac48eda79c7a39a13a02dd'),(69,'uploads/memorials/2_25.png.230x320_q85_crop.png','2013-08-21 07:20:40',40,'d26becbf46ac48eda79c7a39a13a02dd'),(70,'uploads/memorials/2_25.png.230x320_q85.png','2013-08-21 07:20:41',40,'d26becbf46ac48eda79c7a39a13a02dd'),(71,'uploads/memorials/2_23.png.230x320_q85_crop.png','2013-08-21 07:20:41',41,'d26becbf46ac48eda79c7a39a13a02dd'),(72,'uploads/memorials/2_23.png.230x320_q85.png','2013-08-21 07:20:41',41,'d26becbf46ac48eda79c7a39a13a02dd'),(73,'uploads/memorials/2_24.png.230x320_q85_crop.png','2013-08-21 07:20:41',42,'d26becbf46ac48eda79c7a39a13a02dd'),(74,'uploads/memorials/2_24.png.230x320_q85.png','2013-08-21 07:20:41',42,'d26becbf46ac48eda79c7a39a13a02dd'),(75,'uploads/memorials/2_26.png.230x320_q85_crop.png','2013-08-21 07:20:42',43,'d26becbf46ac48eda79c7a39a13a02dd'),(76,'uploads/memorials/2_26.png.230x320_q85.png','2013-08-21 07:20:42',43,'d26becbf46ac48eda79c7a39a13a02dd'),(77,'uploads/memorials/2_27.png.230x320_q85_crop.png','2013-08-21 07:20:42',44,'d26becbf46ac48eda79c7a39a13a02dd'),(78,'uploads/memorials/2_27.png.230x320_q85.png','2013-08-21 07:20:43',44,'d26becbf46ac48eda79c7a39a13a02dd'),(79,'uploads/memorials/2_28.png.230x320_q85_crop.png','2013-08-21 07:20:43',45,'d26becbf46ac48eda79c7a39a13a02dd'),(80,'uploads/memorials/2_28.png.230x320_q85.png','2013-08-21 07:20:43',45,'d26becbf46ac48eda79c7a39a13a02dd'),(81,'uploads/memorials/2_29.png.230x320_q85_crop.png','2013-08-21 07:20:43',46,'d26becbf46ac48eda79c7a39a13a02dd'),(82,'uploads/memorials/2_29.png.230x320_q85.png','2013-08-21 07:20:44',46,'d26becbf46ac48eda79c7a39a13a02dd'),(83,'uploads/memorials/2_30.png.230x320_q85_crop.png','2013-08-21 07:20:44',47,'d26becbf46ac48eda79c7a39a13a02dd'),(84,'uploads/memorials/2_30.png.230x320_q85.png','2013-08-21 07:20:44',47,'d26becbf46ac48eda79c7a39a13a02dd'),(85,'uploads/memorials/2_31.png.230x320_q85_crop.png','2013-08-21 07:20:44',48,'d26becbf46ac48eda79c7a39a13a02dd'),(86,'uploads/memorials/2_31.png.230x320_q85.png','2013-08-21 07:20:45',48,'d26becbf46ac48eda79c7a39a13a02dd'),(87,'uploads/memorials/2_32.png.230x320_q85_crop.png','2013-08-21 07:20:45',49,'d26becbf46ac48eda79c7a39a13a02dd'),(88,'uploads/memorials/2_32.png.230x320_q85.png','2013-08-21 07:20:45',49,'d26becbf46ac48eda79c7a39a13a02dd'),(89,'uploads/memorials/2_33.png.230x320_q85_crop.png','2013-08-21 07:20:45',50,'d26becbf46ac48eda79c7a39a13a02dd'),(90,'uploads/memorials/2_33.png.230x320_q85.png','2013-08-21 07:20:45',50,'d26becbf46ac48eda79c7a39a13a02dd'),(91,'uploads/memorials/2_34.png.230x320_q85_crop.png','2013-08-21 07:20:46',51,'d26becbf46ac48eda79c7a39a13a02dd'),(92,'uploads/memorials/2_34.png.230x320_q85.png','2013-08-21 07:20:46',51,'d26becbf46ac48eda79c7a39a13a02dd'),(93,'uploads/memorials/2_35.png.230x320_q85_crop.png','2013-08-21 07:20:46',52,'d26becbf46ac48eda79c7a39a13a02dd'),(94,'uploads/memorials/2_35.png.230x320_q85.png','2013-08-21 07:20:46',52,'d26becbf46ac48eda79c7a39a13a02dd'),(95,'uploads/memorials/2_36.png.230x320_q85_crop.png','2013-08-21 07:20:47',53,'d26becbf46ac48eda79c7a39a13a02dd'),(96,'uploads/memorials/2_36.png.230x320_q85.png','2013-08-21 07:20:47',53,'d26becbf46ac48eda79c7a39a13a02dd'),(97,'uploads/memorials/2_37.png.230x320_q85_crop.png','2013-08-21 07:20:47',54,'d26becbf46ac48eda79c7a39a13a02dd'),(98,'uploads/memorials/2_37.png.230x320_q85.png','2013-08-21 07:20:47',54,'d26becbf46ac48eda79c7a39a13a02dd'),(99,'uploads/memorials/2_38.png.230x320_q85_crop.png','2013-08-21 07:20:47',55,'d26becbf46ac48eda79c7a39a13a02dd'),(100,'uploads/memorials/2_38.png.230x320_q85.png','2013-08-21 07:20:48',55,'d26becbf46ac48eda79c7a39a13a02dd'),(101,'uploads/memorials/2_39.png.230x320_q85_crop.png','2013-08-21 07:20:48',56,'d26becbf46ac48eda79c7a39a13a02dd'),(102,'uploads/memorials/2_39.png.230x320_q85.png','2013-08-21 07:20:48',56,'d26becbf46ac48eda79c7a39a13a02dd'),(103,'uploads/memorials/2_40.png.230x320_q85_crop.png','2013-08-21 07:20:48',57,'d26becbf46ac48eda79c7a39a13a02dd'),(104,'uploads/memorials/2_40.png.230x320_q85.png','2013-08-21 07:20:48',57,'d26becbf46ac48eda79c7a39a13a02dd'),(105,'uploads/memorials/2_41.png.230x320_q85_crop.png','2013-08-21 07:20:49',58,'d26becbf46ac48eda79c7a39a13a02dd'),(106,'uploads/memorials/2_41.png.230x320_q85.png','2013-08-21 07:20:49',58,'d26becbf46ac48eda79c7a39a13a02dd'),(107,'uploads/memorials/2_42.png.230x320_q85_crop.png','2013-08-21 07:20:49',59,'d26becbf46ac48eda79c7a39a13a02dd'),(108,'uploads/memorials/2_42.png.230x320_q85.png','2013-08-21 07:20:50',59,'d26becbf46ac48eda79c7a39a13a02dd'),(109,'uploads/memorials/2_43.png.230x320_q85_crop.png','2013-08-21 07:20:50',60,'d26becbf46ac48eda79c7a39a13a02dd'),(110,'uploads/memorials/2_43.png.230x320_q85.png','2013-08-21 07:20:50',60,'d26becbf46ac48eda79c7a39a13a02dd'),(111,'uploads/memorials/2_44.png.230x320_q85_crop.png','2013-08-21 07:20:51',61,'d26becbf46ac48eda79c7a39a13a02dd'),(112,'uploads/memorials/2_44.png.230x320_q85.png','2013-08-21 07:20:51',61,'d26becbf46ac48eda79c7a39a13a02dd'),(113,'uploads/memorials/2_45.png.230x320_q85_crop.png','2013-08-21 07:20:51',62,'d26becbf46ac48eda79c7a39a13a02dd'),(114,'uploads/memorials/2_45.png.230x320_q85.png','2013-08-21 07:20:52',62,'d26becbf46ac48eda79c7a39a13a02dd'),(115,'uploads/memorials/2_46.png.230x320_q85_crop.png','2013-08-21 07:20:52',63,'d26becbf46ac48eda79c7a39a13a02dd'),(116,'uploads/memorials/2_46.png.230x320_q85.png','2013-08-21 07:20:52',63,'d26becbf46ac48eda79c7a39a13a02dd'),(117,'uploads/memorials/2_47.png.230x320_q85_crop.png','2013-08-21 07:20:52',64,'d26becbf46ac48eda79c7a39a13a02dd'),(118,'uploads/memorials/2_47.png.230x320_q85.png','2013-08-21 07:20:52',64,'d26becbf46ac48eda79c7a39a13a02dd'),(119,'uploads/memorials/2_48.png.230x320_q85_crop.png','2013-08-21 07:20:53',65,'d26becbf46ac48eda79c7a39a13a02dd'),(120,'uploads/memorials/2_48.png.230x320_q85.png','2013-08-21 07:20:53',65,'d26becbf46ac48eda79c7a39a13a02dd'),(121,'uploads/memorials/2_49.png.230x320_q85_crop.png','2013-08-21 07:20:53',66,'d26becbf46ac48eda79c7a39a13a02dd'),(122,'uploads/memorials/2_49.png.230x320_q85.png','2013-08-21 07:20:53',66,'d26becbf46ac48eda79c7a39a13a02dd'),(123,'uploads/memorials/2_50.png.230x320_q85_crop.png','2013-08-21 07:20:54',67,'d26becbf46ac48eda79c7a39a13a02dd'),(124,'uploads/memorials/2_50.png.230x320_q85.png','2013-08-21 07:20:54',67,'d26becbf46ac48eda79c7a39a13a02dd'),(125,'uploads/memorials/2_51.png.230x320_q85_crop.png','2013-08-21 07:20:54',68,'d26becbf46ac48eda79c7a39a13a02dd'),(126,'uploads/memorials/2_51.png.230x320_q85.png','2013-08-21 07:20:54',68,'d26becbf46ac48eda79c7a39a13a02dd'),(127,'uploads/memorials/2_52.png.230x320_q85_crop.png','2013-08-21 07:20:54',69,'d26becbf46ac48eda79c7a39a13a02dd'),(128,'uploads/memorials/2_52.png.230x320_q85.png','2013-08-21 07:20:55',69,'d26becbf46ac48eda79c7a39a13a02dd'),(129,'uploads/memorials/2_7.png.100x100_q85_crop_detail_upscale.png','2013-08-21 08:12:18',25,'d26becbf46ac48eda79c7a39a13a02dd'),(130,'uploads/memorials/1_7.png.100x100_q85_crop_detail_upscale.png','2013-08-21 08:12:18',70,'d26becbf46ac48eda79c7a39a13a02dd'),(131,'uploads/memorials/2_9.png.100x100_q85_crop_detail_upscale.png','2013-08-21 08:12:22',26,'d26becbf46ac48eda79c7a39a13a02dd'),(132,'uploads/memorials/1_9.png.100x100_q85_crop_detail_upscale.png','2013-08-21 08:12:23',71,'d26becbf46ac48eda79c7a39a13a02dd'),(133,'uploads/memorials/2_10.png.100x100_q85_crop_detail_upscale.png','2013-08-21 08:12:25',27,'d26becbf46ac48eda79c7a39a13a02dd'),(134,'uploads/memorials/1_10.png.100x100_q85_crop_detail_upscale.png','2013-08-21 08:12:26',72,'d26becbf46ac48eda79c7a39a13a02dd'),(135,'uploads/memorials/2_11.png.100x100_q85_crop_detail_upscale.png','2013-08-21 08:12:26',28,'d26becbf46ac48eda79c7a39a13a02dd'),(136,'uploads/memorials/1_11.png.100x100_q85_crop_detail_upscale.png','2013-08-21 08:12:27',73,'d26becbf46ac48eda79c7a39a13a02dd'),(137,'uploads/memorials/2_12.png.100x100_q85_crop_detail_upscale.png','2013-08-21 08:12:28',29,'d26becbf46ac48eda79c7a39a13a02dd'),(138,'uploads/memorials/1_12.png.100x100_q85_crop_detail_upscale.png','2013-08-21 08:12:28',74,'d26becbf46ac48eda79c7a39a13a02dd'),(139,'uploads/memorials/2_13.png.100x100_q85_crop_detail_upscale.png','2013-08-21 08:12:32',30,'d26becbf46ac48eda79c7a39a13a02dd'),(140,'uploads/memorials/1_13.png.100x100_q85_crop_detail_upscale.png','2013-08-21 08:12:32',75,'d26becbf46ac48eda79c7a39a13a02dd'),(141,'uploads/memorials/2_14.png.100x100_q85_crop_detail_upscale.png','2013-08-21 08:12:32',31,'d26becbf46ac48eda79c7a39a13a02dd'),(142,'uploads/memorials/1_14.png.100x100_q85_crop_detail_upscale.png','2013-08-21 08:12:33',76,'d26becbf46ac48eda79c7a39a13a02dd'),(143,'uploads/memorials/2_15.png.100x100_q85_crop_detail_upscale.png','2013-08-21 08:12:33',32,'d26becbf46ac48eda79c7a39a13a02dd'),(144,'uploads/memorials/1_15.png.100x100_q85_crop_detail_upscale.png','2013-08-21 08:12:33',77,'d26becbf46ac48eda79c7a39a13a02dd'),(145,'uploads/memorials/2_16.png.100x100_q85_crop_detail_upscale.png','2013-08-21 08:12:36',33,'d26becbf46ac48eda79c7a39a13a02dd'),(146,'uploads/memorials/1_16.png.100x100_q85_crop_detail_upscale.png','2013-08-21 08:12:37',78,'d26becbf46ac48eda79c7a39a13a02dd'),(147,'uploads/memorials/2_17.png.100x100_q85_crop_detail_upscale.png','2013-08-21 08:12:38',34,'d26becbf46ac48eda79c7a39a13a02dd'),(148,'uploads/memorials/1_17.png.100x100_q85_crop_detail_upscale.png','2013-08-21 08:12:38',79,'d26becbf46ac48eda79c7a39a13a02dd'),(149,'uploads/memorials/2_18.png.100x100_q85_crop_detail_upscale.png','2013-08-21 08:12:39',35,'d26becbf46ac48eda79c7a39a13a02dd'),(150,'uploads/memorials/1_18.png.100x100_q85_crop_detail_upscale.png','2013-08-21 08:12:39',80,'d26becbf46ac48eda79c7a39a13a02dd'),(151,'uploads/memorials/2_19.png.100x100_q85_crop_detail_upscale.png','2013-08-21 08:12:40',36,'d26becbf46ac48eda79c7a39a13a02dd'),(152,'uploads/memorials/1_19.png.100x100_q85_crop_detail_upscale.png','2013-08-21 08:12:40',81,'d26becbf46ac48eda79c7a39a13a02dd'),(153,'uploads/memorials/2_20.png.100x100_q85_crop_detail_upscale.png','2013-08-21 08:16:20',37,'d26becbf46ac48eda79c7a39a13a02dd'),(154,'uploads/memorials/1_20.png.100x100_q85_crop_detail_upscale.png','2013-08-21 08:16:20',82,'d26becbf46ac48eda79c7a39a13a02dd'),(155,'uploads/memorials/2_21.png.100x100_q85_crop_detail_upscale.png','2013-08-21 08:16:21',38,'d26becbf46ac48eda79c7a39a13a02dd'),(156,'uploads/memorials/1_21.png.100x100_q85_crop_detail_upscale.png','2013-08-21 08:16:21',83,'d26becbf46ac48eda79c7a39a13a02dd'),(157,'uploads/memorials/2_22.png.100x100_q85_crop_detail_upscale.png','2013-08-21 08:16:22',39,'d26becbf46ac48eda79c7a39a13a02dd'),(158,'uploads/memorials/1_22.png.100x100_q85_crop_detail_upscale.png','2013-08-21 08:16:22',84,'d26becbf46ac48eda79c7a39a13a02dd'),(159,'uploads/memorials/2_25.png.100x100_q85_crop_detail_upscale.png','2013-08-21 08:16:22',40,'d26becbf46ac48eda79c7a39a13a02dd'),(160,'uploads/memorials/1_25.png.100x100_q85_crop_detail_upscale.png','2013-08-21 08:16:23',85,'d26becbf46ac48eda79c7a39a13a02dd'),(161,'uploads/memorials/2_23.png.100x100_q85_crop_detail_upscale.png','2013-08-21 08:16:24',41,'d26becbf46ac48eda79c7a39a13a02dd'),(162,'uploads/memorials/1_23.png.100x100_q85_crop_detail_upscale.png','2013-08-21 08:16:24',86,'d26becbf46ac48eda79c7a39a13a02dd'),(163,'uploads/memorials/2_24.png.100x100_q85_crop_detail_upscale.png','2013-08-21 08:16:24',42,'d26becbf46ac48eda79c7a39a13a02dd'),(164,'uploads/memorials/1_24.png.100x100_q85_crop_detail_upscale.png','2013-08-21 08:16:24',87,'d26becbf46ac48eda79c7a39a13a02dd'),(165,'uploads/memorials/2_26.png.100x100_q85_crop_detail_upscale.png','2013-08-21 08:16:37',43,'d26becbf46ac48eda79c7a39a13a02dd'),(166,'uploads/memorials/2_27.png.100x100_q85_crop_detail_upscale.png','2013-08-21 08:16:37',44,'d26becbf46ac48eda79c7a39a13a02dd'),(167,'uploads/memorials/1_26.png.100x100_q85_crop_detail_upscale.png','2013-08-21 08:16:37',88,'d26becbf46ac48eda79c7a39a13a02dd'),(168,'uploads/memorials/1_27.png.100x100_q85_crop_detail_upscale.png','2013-08-21 08:16:37',89,'d26becbf46ac48eda79c7a39a13a02dd'),(169,'uploads/memorials/2_28.png.100x100_q85_crop_detail_upscale.png','2013-08-21 08:16:37',45,'d26becbf46ac48eda79c7a39a13a02dd'),(170,'uploads/memorials/1_28.png.100x100_q85_crop_detail_upscale.png','2013-08-21 08:16:37',90,'d26becbf46ac48eda79c7a39a13a02dd'),(171,'uploads/memorials/2_29.png.100x100_q85_crop_detail_upscale.png','2013-08-21 08:16:41',46,'d26becbf46ac48eda79c7a39a13a02dd'),(172,'uploads/memorials/1_29.png.100x100_q85_crop_detail_upscale.png','2013-08-21 08:16:42',91,'d26becbf46ac48eda79c7a39a13a02dd'),(173,'uploads/memorials/2_30.png.100x100_q85_crop_detail_upscale.png','2013-08-21 08:16:42',47,'d26becbf46ac48eda79c7a39a13a02dd'),(174,'uploads/memorials/1_30.png.100x100_q85_crop_detail_upscale.png','2013-08-21 08:16:42',92,'d26becbf46ac48eda79c7a39a13a02dd'),(175,'uploads/memorials/2_31.png.100x100_q85_crop_detail_upscale.png','2013-08-21 08:16:42',48,'d26becbf46ac48eda79c7a39a13a02dd'),(176,'uploads/memorials/1_31.png.100x100_q85_crop_detail_upscale.png','2013-08-21 08:16:43',93,'d26becbf46ac48eda79c7a39a13a02dd'),(177,'uploads/memorials/2_32.png.100x100_q85_crop_detail_upscale.png','2013-08-21 08:16:43',49,'d26becbf46ac48eda79c7a39a13a02dd'),(178,'uploads/memorials/1_32.png.100x100_q85_crop_detail_upscale.png','2013-08-21 08:16:43',94,'d26becbf46ac48eda79c7a39a13a02dd'),(179,'uploads/memorials/2_33.png.100x100_q85_crop_detail_upscale.png','2013-08-21 08:16:46',50,'d26becbf46ac48eda79c7a39a13a02dd'),(180,'uploads/memorials/1_33.png.100x100_q85_crop_detail_upscale.png','2013-08-21 08:16:46',95,'d26becbf46ac48eda79c7a39a13a02dd'),(181,'uploads/memorials/2_34.png.100x100_q85_crop_detail_upscale.png','2013-08-21 08:16:47',51,'d26becbf46ac48eda79c7a39a13a02dd'),(182,'uploads/memorials/1_34.png.100x100_q85_crop_detail_upscale.png','2013-08-21 08:16:47',96,'d26becbf46ac48eda79c7a39a13a02dd'),(183,'uploads/memorials/2_35.png.100x100_q85_crop_detail_upscale.png','2013-08-21 08:16:47',52,'d26becbf46ac48eda79c7a39a13a02dd'),(184,'uploads/memorials/1_35.png.100x100_q85_crop_detail_upscale.png','2013-08-21 08:16:47',97,'d26becbf46ac48eda79c7a39a13a02dd'),(185,'uploads/memorials/2_36.png.100x100_q85_crop_detail_upscale.png','2013-08-21 08:16:49',53,'d26becbf46ac48eda79c7a39a13a02dd'),(186,'uploads/memorials/1_36.png.100x100_q85_crop_detail_upscale.png','2013-08-21 08:16:49',98,'d26becbf46ac48eda79c7a39a13a02dd'),(187,'uploads/memorials/2_37.png.100x100_q85_crop_detail_upscale.png','2013-08-21 08:16:50',54,'d26becbf46ac48eda79c7a39a13a02dd'),(188,'uploads/memorials/1_37.png.100x100_q85_crop_detail_upscale.png','2013-08-21 08:16:50',99,'d26becbf46ac48eda79c7a39a13a02dd'),(189,'uploads/memorials/2_38.png.100x100_q85_crop_detail_upscale.png','2013-08-21 08:16:50',55,'d26becbf46ac48eda79c7a39a13a02dd'),(190,'uploads/memorials/1_38.png.100x100_q85_crop_detail_upscale.png','2013-08-21 08:16:51',100,'d26becbf46ac48eda79c7a39a13a02dd'),(191,'uploads/memorials/2_39.png.100x100_q85_crop_detail_upscale.png','2013-08-21 08:16:53',56,'d26becbf46ac48eda79c7a39a13a02dd'),(192,'uploads/memorials/1_39.png.100x100_q85_crop_detail_upscale.png','2013-08-21 08:16:53',101,'d26becbf46ac48eda79c7a39a13a02dd'),(193,'uploads/memorials/2_40.png.100x100_q85_crop_detail_upscale.png','2013-08-21 08:18:23',57,'d26becbf46ac48eda79c7a39a13a02dd'),(194,'uploads/memorials/1_40.png.100x100_q85_crop_detail_upscale.png','2013-08-21 08:18:24',102,'d26becbf46ac48eda79c7a39a13a02dd'),(195,'uploads/memorials/2_41.png.100x100_q85_crop_detail_upscale.png','2013-08-21 08:18:24',58,'d26becbf46ac48eda79c7a39a13a02dd'),(196,'uploads/memorials/1_41.png.100x100_q85_crop_detail_upscale.png','2013-08-21 08:18:24',103,'d26becbf46ac48eda79c7a39a13a02dd'),(197,'uploads/memorials/2_42.png.100x100_q85_crop_detail_upscale.png','2013-08-21 08:18:24',59,'d26becbf46ac48eda79c7a39a13a02dd'),(198,'uploads/memorials/1_42.png.100x100_q85_crop_detail_upscale.png','2013-08-21 08:18:25',104,'d26becbf46ac48eda79c7a39a13a02dd'),(199,'uploads/memorials/2_43.png.100x100_q85_crop_detail_upscale.png','2013-08-21 08:18:25',60,'d26becbf46ac48eda79c7a39a13a02dd'),(200,'uploads/memorials/1_43.png.100x100_q85_crop_detail_upscale.png','2013-08-21 08:18:25',105,'d26becbf46ac48eda79c7a39a13a02dd'),(201,'uploads/memorials/2_44.png.100x100_q85_crop_detail_upscale.png','2013-08-21 08:18:25',61,'d26becbf46ac48eda79c7a39a13a02dd'),(202,'uploads/memorials/1_44.png.100x100_q85_crop_detail_upscale.png','2013-08-21 08:18:26',106,'d26becbf46ac48eda79c7a39a13a02dd'),(203,'uploads/memorials/2_45.png.100x100_q85_crop_detail_upscale.png','2013-08-21 08:18:26',62,'d26becbf46ac48eda79c7a39a13a02dd'),(204,'uploads/memorials/1_45.png.100x100_q85_crop_detail_upscale.png','2013-08-21 08:18:26',107,'d26becbf46ac48eda79c7a39a13a02dd'),(205,'uploads/memorials/2_46.png.100x100_q85_crop_detail_upscale.png','2013-08-21 08:18:33',63,'d26becbf46ac48eda79c7a39a13a02dd'),(206,'uploads/memorials/1_46.png.100x100_q85_crop_detail_upscale.png','2013-08-21 08:18:33',108,'d26becbf46ac48eda79c7a39a13a02dd'),(207,'uploads/memorials/2_47.png.100x100_q85_crop_detail_upscale.png','2013-08-21 08:18:33',64,'d26becbf46ac48eda79c7a39a13a02dd'),(208,'uploads/memorials/1_47.png.100x100_q85_crop_detail_upscale.png','2013-08-21 08:18:34',109,'d26becbf46ac48eda79c7a39a13a02dd'),(209,'uploads/memorials/2_48.png.100x100_q85_crop_detail_upscale.png','2013-08-21 08:18:34',65,'d26becbf46ac48eda79c7a39a13a02dd'),(210,'uploads/memorials/1_48.png.100x100_q85_crop_detail_upscale.png','2013-08-21 08:18:34',110,'d26becbf46ac48eda79c7a39a13a02dd'),(211,'uploads/memorials/2_49.png.100x100_q85_crop_detail_upscale.png','2013-08-21 08:18:36',66,'d26becbf46ac48eda79c7a39a13a02dd'),(212,'uploads/memorials/1_49.png.100x100_q85_crop_detail_upscale.png','2013-08-21 08:18:37',111,'d26becbf46ac48eda79c7a39a13a02dd'),(213,'uploads/memorials/2_50.png.100x100_q85_crop_detail_upscale.png','2013-08-21 08:18:40',67,'d26becbf46ac48eda79c7a39a13a02dd'),(214,'uploads/memorials/1_50.png.100x100_q85_crop_detail_upscale.png','2013-08-21 08:18:40',112,'d26becbf46ac48eda79c7a39a13a02dd'),(215,'uploads/memorials/2_51.png.100x100_q85_crop_detail_upscale.png','2013-08-21 08:18:40',68,'d26becbf46ac48eda79c7a39a13a02dd'),(216,'uploads/memorials/1_51.png.100x100_q85_crop_detail_upscale.png','2013-08-21 08:18:40',113,'d26becbf46ac48eda79c7a39a13a02dd'),(217,'uploads/memorials/2_52.png.100x100_q85_crop_detail_upscale.png','2013-08-21 08:18:40',69,'d26becbf46ac48eda79c7a39a13a02dd'),(218,'uploads/memorials/1_52.png.100x100_q85_crop_detail_upscale.png','2013-08-21 08:18:40',114,'d26becbf46ac48eda79c7a39a13a02dd'),(219,'uploads/memorials/1.png.230x320_q85_crop.png','2013-08-21 08:29:54',10,'d26becbf46ac48eda79c7a39a13a02dd'),(220,'uploads/memorials/1_2.png.230x320_q85_crop.png','2013-08-21 08:39:52',14,'d26becbf46ac48eda79c7a39a13a02dd'),(221,'uploads/memorials/1_3.png.230x320_q85_crop.png','2013-08-21 08:39:58',16,'d26becbf46ac48eda79c7a39a13a02dd'),(222,'uploads/memorials/1_5.png.230x320_q85_crop.png','2013-08-21 08:50:21',20,'d26becbf46ac48eda79c7a39a13a02dd'),(223,'uploads/memorials/1_1.png.230x320_q85_crop.png','2013-08-21 08:50:27',12,'d26becbf46ac48eda79c7a39a13a02dd'),(224,'uploads/memorials/1_10.png.230x320_q85_crop.png','2013-08-21 08:50:32',72,'d26becbf46ac48eda79c7a39a13a02dd'),(225,'uploads/memorials/1_19.png.230x320_q85_crop.png','2013-08-21 08:50:36',81,'d26becbf46ac48eda79c7a39a13a02dd'),(226,'uploads/memorials/1_26.png.230x320_q85_crop.png','2013-08-21 08:50:41',88,'d26becbf46ac48eda79c7a39a13a02dd'),(227,'uploads/memorials/2_53.png.230x320_q85_crop.png','2013-08-27 08:51:14',115,'d26becbf46ac48eda79c7a39a13a02dd'),(228,'uploads/memorials/2_54.png.230x320_q85_crop.png','2013-08-27 08:51:14',116,'d26becbf46ac48eda79c7a39a13a02dd'),(229,'uploads/memorials/2_55.png.230x320_q85_crop.png','2013-08-27 08:51:14',117,'d26becbf46ac48eda79c7a39a13a02dd'),(230,'uploads/memorials/2_56.png.230x320_q85_crop.png','2013-08-27 08:51:14',118,'d26becbf46ac48eda79c7a39a13a02dd'),(231,'uploads/memorials/2_57.png.230x320_q85_crop.png','2013-08-27 08:51:15',119,'d26becbf46ac48eda79c7a39a13a02dd'),(232,'uploads/memorials/2_58.png.230x320_q85_crop.png','2013-08-27 08:51:15',120,'d26becbf46ac48eda79c7a39a13a02dd'),(233,'uploads/memorials/2_59.png.230x320_q85_crop.png','2013-08-27 08:51:15',121,'d26becbf46ac48eda79c7a39a13a02dd'),(234,'uploads/memorials/2_60.png.230x320_q85_crop.png','2013-08-27 08:51:15',122,'d26becbf46ac48eda79c7a39a13a02dd'),(235,'uploads/memorials/2_61.png.230x320_q85_crop.png','2013-08-27 08:51:15',123,'d26becbf46ac48eda79c7a39a13a02dd'),(236,'uploads/memorials/2_62.png.230x320_q85_crop.png','2013-08-27 08:51:15',124,'d26becbf46ac48eda79c7a39a13a02dd'),(237,'uploads/memorials/2_63.png.230x320_q85_crop.png','2013-08-27 08:51:16',125,'d26becbf46ac48eda79c7a39a13a02dd'),(238,'uploads/memorials/2_64.png.230x320_q85_crop.png','2013-08-27 08:51:16',126,'d26becbf46ac48eda79c7a39a13a02dd'),(239,'uploads/memorials/2_65.png.230x320_q85_crop.png','2013-08-27 08:51:16',127,'d26becbf46ac48eda79c7a39a13a02dd'),(240,'uploads/memorials/2_66.png.230x320_q85_crop.png','2013-08-27 08:51:16',128,'d26becbf46ac48eda79c7a39a13a02dd'),(241,'uploads/memorials/2_67.png.230x320_q85_crop.png','2013-08-27 08:51:16',129,'d26becbf46ac48eda79c7a39a13a02dd'),(242,'uploads/memorials/2_68.png.230x320_q85_crop.png','2013-08-27 08:51:17',130,'d26becbf46ac48eda79c7a39a13a02dd'),(243,'uploads/memorials/2_69.png.230x320_q85_crop.png','2013-08-27 08:51:17',131,'d26becbf46ac48eda79c7a39a13a02dd'),(244,'uploads/memorials/2_70.png.230x320_q85_crop.png','2013-08-27 08:51:17',132,'d26becbf46ac48eda79c7a39a13a02dd'),(245,'uploads/memorials/2_71.png.230x320_q85_crop.png','2013-08-27 08:51:17',133,'d26becbf46ac48eda79c7a39a13a02dd'),(246,'uploads/memorials/2_72.png.230x320_q85_crop.png','2013-08-27 08:51:17',134,'d26becbf46ac48eda79c7a39a13a02dd'),(247,'uploads/memorials/2_73.png.230x320_q85_crop.png','2013-08-27 08:51:18',135,'d26becbf46ac48eda79c7a39a13a02dd'),(248,'uploads/memorials/2_74.png.230x320_q85_crop.png','2013-08-27 08:51:18',136,'d26becbf46ac48eda79c7a39a13a02dd'),(249,'uploads/memorials/2_75.png.230x320_q85_crop.png','2013-08-27 08:51:18',137,'d26becbf46ac48eda79c7a39a13a02dd'),(250,'uploads/memorials/2_76.png.230x320_q85_crop.png','2013-08-27 08:51:18',138,'d26becbf46ac48eda79c7a39a13a02dd'),(251,'uploads/memorials/2_77.png.230x320_q85_crop.png','2013-08-27 08:51:19',139,'d26becbf46ac48eda79c7a39a13a02dd'),(252,'uploads/memorials/2_78.png.230x320_q85_crop.png','2013-08-27 08:51:19',140,'d26becbf46ac48eda79c7a39a13a02dd'),(253,'uploads/memorials/2_79.png.230x320_q85_crop.png','2013-08-27 08:51:19',141,'d26becbf46ac48eda79c7a39a13a02dd'),(254,'uploads/memorials/2_80.png.230x320_q85_crop.png','2013-08-27 08:51:19',142,'d26becbf46ac48eda79c7a39a13a02dd'),(255,'uploads/memorials/2_81.png.230x320_q85_crop.png','2013-08-27 08:51:19',143,'d26becbf46ac48eda79c7a39a13a02dd'),(256,'uploads/memorials/2_82.png.230x320_q85_crop.png','2013-08-27 08:51:19',144,'d26becbf46ac48eda79c7a39a13a02dd'),(257,'uploads/memorials/2_83.png.230x320_q85_crop.png','2013-08-27 08:51:20',145,'d26becbf46ac48eda79c7a39a13a02dd'),(258,'uploads/memorials/2_84.png.230x320_q85_crop.png','2013-08-27 08:51:20',146,'d26becbf46ac48eda79c7a39a13a02dd'),(259,'uploads/memorials/2_85.png.230x320_q85_crop.png','2013-08-27 08:51:20',147,'d26becbf46ac48eda79c7a39a13a02dd'),(260,'uploads/memorials/2_86.png.230x320_q85_crop.png','2013-08-27 08:51:20',148,'d26becbf46ac48eda79c7a39a13a02dd'),(261,'uploads/memorials/2_87.png.230x320_q85_crop.png','2013-08-27 08:51:20',149,'d26becbf46ac48eda79c7a39a13a02dd'),(262,'uploads/memorials/2_88.png.230x320_q85_crop.png','2013-08-27 08:51:20',150,'d26becbf46ac48eda79c7a39a13a02dd'),(263,'uploads/memorials/2_89.png.230x320_q85_crop.png','2013-08-27 08:51:21',151,'d26becbf46ac48eda79c7a39a13a02dd'),(264,'uploads/memorials/2_90.png.230x320_q85_crop.png','2013-08-27 08:51:21',152,'d26becbf46ac48eda79c7a39a13a02dd'),(265,'uploads/memorials/2_91.png.230x320_q85_crop.png','2013-08-27 08:51:21',153,'d26becbf46ac48eda79c7a39a13a02dd'),(266,'uploads/memorials/2_92.png.230x320_q85_crop.png','2013-08-27 08:51:22',154,'d26becbf46ac48eda79c7a39a13a02dd'),(267,'uploads/memorials/2_93.png.230x320_q85_crop.png','2013-08-27 08:51:22',155,'d26becbf46ac48eda79c7a39a13a02dd'),(268,'uploads/memorials/2_94.png.230x320_q85_crop.png','2013-08-27 08:51:22',156,'d26becbf46ac48eda79c7a39a13a02dd'),(269,'uploads/memorials/2_95.png.230x320_q85_crop.png','2013-08-27 08:51:23',157,'d26becbf46ac48eda79c7a39a13a02dd'),(270,'uploads/memorials/2_96.png.230x320_q85_crop.png','2013-08-27 08:51:23',158,'d26becbf46ac48eda79c7a39a13a02dd'),(271,'uploads/memorials/2_97.png.230x320_q85_crop.png','2013-08-27 08:51:23',159,'d26becbf46ac48eda79c7a39a13a02dd'),(272,'uploads/memorials/2_98.png.230x320_q85_crop.png','2013-08-27 08:51:23',160,'d26becbf46ac48eda79c7a39a13a02dd'),(273,'uploads/memorials/2_99.png.230x320_q85_crop.png','2013-08-27 08:51:23',161,'d26becbf46ac48eda79c7a39a13a02dd'),(274,'uploads/memorials/2_100.png.230x320_q85_crop.png','2013-08-27 08:51:23',162,'d26becbf46ac48eda79c7a39a13a02dd'),(275,'uploads/memorials/2_101.png.230x320_q85_crop.png','2013-08-27 08:51:24',163,'d26becbf46ac48eda79c7a39a13a02dd'),(276,'uploads/memorials/2_102.png.230x320_q85_crop.png','2013-08-27 08:51:24',164,'d26becbf46ac48eda79c7a39a13a02dd'),(277,'uploads/memorials/2_103.png.230x320_q85_crop.png','2013-08-27 08:51:24',165,'d26becbf46ac48eda79c7a39a13a02dd'),(278,'uploads/memorials/2_104.png.230x320_q85_crop.png','2013-08-27 08:51:24',166,'d26becbf46ac48eda79c7a39a13a02dd'),(279,'uploads/memorials/2_105.png.230x320_q85_crop.png','2013-08-27 08:51:24',167,'d26becbf46ac48eda79c7a39a13a02dd'),(280,'uploads/memorials/2_93.png.100x100_q85_crop_detail_upscale.png','2013-08-27 10:17:59',155,'d26becbf46ac48eda79c7a39a13a02dd'),(281,'uploads/memorials/1_93.png.100x100_q85_crop_detail_upscale.png','2013-08-27 10:18:00',168,'d26becbf46ac48eda79c7a39a13a02dd'),(282,'uploads/memorials/2_53.png.100x100_q85_crop_detail_upscale.png','2013-09-02 06:28:50',115,'d26becbf46ac48eda79c7a39a13a02dd'),(283,'uploads/memorials/1_53.png.100x100_q85_crop_detail_upscale.png','2013-09-02 06:28:50',169,'d26becbf46ac48eda79c7a39a13a02dd'),(284,'uploads/memorials/2_53.png.230x320_q85.png','2013-09-02 06:35:57',115,'d26becbf46ac48eda79c7a39a13a02dd'),(285,'uploads/memorials/2_54.png.230x320_q85.png','2013-09-02 06:35:58',116,'d26becbf46ac48eda79c7a39a13a02dd'),(286,'uploads/memorials/2_55.png.230x320_q85.png','2013-09-02 06:35:58',117,'d26becbf46ac48eda79c7a39a13a02dd'),(287,'uploads/memorials/2_56.png.230x320_q85.png','2013-09-02 06:35:58',118,'d26becbf46ac48eda79c7a39a13a02dd'),(288,'uploads/memorials/2_57.png.230x320_q85.png','2013-09-02 06:35:58',119,'d26becbf46ac48eda79c7a39a13a02dd'),(289,'uploads/memorials/2_58.png.230x320_q85.png','2013-09-02 06:35:58',120,'d26becbf46ac48eda79c7a39a13a02dd'),(290,'uploads/memorials/2_59.png.230x320_q85.png','2013-09-02 06:35:58',121,'d26becbf46ac48eda79c7a39a13a02dd'),(291,'uploads/memorials/2_60.png.230x320_q85.png','2013-09-02 06:35:58',122,'d26becbf46ac48eda79c7a39a13a02dd'),(292,'uploads/memorials/2_61.png.230x320_q85.png','2013-09-02 06:35:59',123,'d26becbf46ac48eda79c7a39a13a02dd'),(293,'uploads/memorials/2_62.png.230x320_q85.png','2013-09-02 06:35:59',124,'d26becbf46ac48eda79c7a39a13a02dd'),(294,'uploads/memorials/2_63.png.230x320_q85.png','2013-09-02 06:35:59',125,'d26becbf46ac48eda79c7a39a13a02dd'),(295,'uploads/memorials/2_64.png.230x320_q85.png','2013-09-02 06:35:59',126,'d26becbf46ac48eda79c7a39a13a02dd'),(296,'uploads/memorials/2_65.png.230x320_q85.png','2013-09-02 06:36:00',127,'d26becbf46ac48eda79c7a39a13a02dd'),(297,'uploads/memorials/2_66.png.230x320_q85.png','2013-09-02 06:36:00',128,'d26becbf46ac48eda79c7a39a13a02dd'),(298,'uploads/memorials/2_67.png.230x320_q85.png','2013-09-02 06:36:00',129,'d26becbf46ac48eda79c7a39a13a02dd'),(299,'uploads/memorials/2_68.png.230x320_q85.png','2013-09-02 06:36:00',130,'d26becbf46ac48eda79c7a39a13a02dd'),(300,'uploads/memorials/2_69.png.230x320_q85.png','2013-09-02 06:36:00',131,'d26becbf46ac48eda79c7a39a13a02dd'),(301,'uploads/memorials/2_70.png.230x320_q85.png','2013-09-02 06:36:00',132,'d26becbf46ac48eda79c7a39a13a02dd'),(302,'uploads/memorials/2_71.png.230x320_q85.png','2013-09-02 06:36:00',133,'d26becbf46ac48eda79c7a39a13a02dd'),(303,'uploads/memorials/2_72.png.230x320_q85.png','2013-09-02 06:36:01',134,'d26becbf46ac48eda79c7a39a13a02dd'),(304,'uploads/memorials/2_73.png.230x320_q85.png','2013-09-02 06:36:01',135,'d26becbf46ac48eda79c7a39a13a02dd'),(305,'uploads/memorials/2_74.png.230x320_q85.png','2013-09-02 06:36:01',136,'d26becbf46ac48eda79c7a39a13a02dd'),(306,'uploads/memorials/2_75.png.230x320_q85.png','2013-09-02 06:36:01',137,'d26becbf46ac48eda79c7a39a13a02dd'),(307,'uploads/memorials/2_76.png.230x320_q85.png','2013-09-02 06:36:01',138,'d26becbf46ac48eda79c7a39a13a02dd'),(308,'uploads/memorials/2_77.png.230x320_q85.png','2013-09-02 06:36:01',139,'d26becbf46ac48eda79c7a39a13a02dd'),(309,'uploads/memorials/2_78.png.230x320_q85.png','2013-09-02 06:36:02',140,'d26becbf46ac48eda79c7a39a13a02dd'),(310,'uploads/memorials/2_79.png.230x320_q85.png','2013-09-02 06:36:02',141,'d26becbf46ac48eda79c7a39a13a02dd'),(311,'uploads/memorials/2_80.png.230x320_q85.png','2013-09-02 06:36:02',142,'d26becbf46ac48eda79c7a39a13a02dd'),(312,'uploads/memorials/2_81.png.230x320_q85.png','2013-09-02 06:36:02',143,'d26becbf46ac48eda79c7a39a13a02dd'),(313,'uploads/memorials/2_82.png.230x320_q85.png','2013-09-02 06:36:02',144,'d26becbf46ac48eda79c7a39a13a02dd'),(314,'uploads/memorials/2_83.png.230x320_q85.png','2013-09-02 06:36:02',145,'d26becbf46ac48eda79c7a39a13a02dd'),(315,'uploads/memorials/2_84.png.230x320_q85.png','2013-09-02 06:36:02',146,'d26becbf46ac48eda79c7a39a13a02dd'),(316,'uploads/memorials/2_85.png.230x320_q85.png','2013-09-02 06:36:03',147,'d26becbf46ac48eda79c7a39a13a02dd'),(317,'uploads/memorials/2_86.png.230x320_q85.png','2013-09-02 06:36:03',148,'d26becbf46ac48eda79c7a39a13a02dd'),(318,'uploads/memorials/2_87.png.230x320_q85.png','2013-09-02 06:36:03',149,'d26becbf46ac48eda79c7a39a13a02dd'),(319,'uploads/memorials/2_88.png.230x320_q85.png','2013-09-02 06:36:03',150,'d26becbf46ac48eda79c7a39a13a02dd'),(320,'uploads/memorials/2_89.png.230x320_q85.png','2013-09-02 06:36:03',151,'d26becbf46ac48eda79c7a39a13a02dd'),(321,'uploads/memorials/2_90.png.230x320_q85.png','2013-09-02 06:36:03',152,'d26becbf46ac48eda79c7a39a13a02dd'),(322,'uploads/memorials/2_91.png.230x320_q85.png','2013-09-02 06:36:03',153,'d26becbf46ac48eda79c7a39a13a02dd'),(323,'uploads/memorials/2_92.png.230x320_q85.png','2013-09-02 06:36:03',154,'d26becbf46ac48eda79c7a39a13a02dd'),(324,'uploads/memorials/2_93.png.230x320_q85.png','2013-09-02 06:36:04',155,'d26becbf46ac48eda79c7a39a13a02dd'),(325,'uploads/memorials/2_94.png.230x320_q85.png','2013-09-02 06:36:04',156,'d26becbf46ac48eda79c7a39a13a02dd'),(326,'uploads/memorials/2_95.png.230x320_q85.png','2013-09-02 06:36:04',157,'d26becbf46ac48eda79c7a39a13a02dd'),(327,'uploads/memorials/2_96.png.230x320_q85.png','2013-09-02 06:36:05',158,'d26becbf46ac48eda79c7a39a13a02dd'),(328,'uploads/memorials/2_97.png.230x320_q85.png','2013-09-02 06:36:05',159,'d26becbf46ac48eda79c7a39a13a02dd'),(329,'uploads/memorials/2_98.png.230x320_q85.png','2013-09-02 06:36:05',160,'d26becbf46ac48eda79c7a39a13a02dd'),(330,'uploads/memorials/2_99.png.230x320_q85.png','2013-09-02 06:36:05',161,'d26becbf46ac48eda79c7a39a13a02dd'),(331,'uploads/memorials/2_100.png.230x320_q85.png','2013-09-02 06:36:05',162,'d26becbf46ac48eda79c7a39a13a02dd'),(332,'uploads/memorials/2_101.png.230x320_q85.png','2013-09-02 06:36:05',163,'d26becbf46ac48eda79c7a39a13a02dd'),(333,'uploads/memorials/2_102.png.230x320_q85.png','2013-09-02 06:36:06',164,'d26becbf46ac48eda79c7a39a13a02dd'),(334,'uploads/memorials/2_103.png.230x320_q85.png','2013-09-02 06:36:06',165,'d26becbf46ac48eda79c7a39a13a02dd'),(335,'uploads/memorials/2_104.png.230x320_q85.png','2013-09-02 06:36:06',166,'d26becbf46ac48eda79c7a39a13a02dd'),(336,'uploads/memorials/2_105.png.230x320_q85.png','2013-09-02 06:36:06',167,'d26becbf46ac48eda79c7a39a13a02dd'),(337,'uploads/memorials/1_54.png.230x320_q85.png','2013-09-02 06:37:36',170,'d26becbf46ac48eda79c7a39a13a02dd'),(338,'uploads/memorials/1_53.png.230x320_q85.png','2013-09-02 07:35:58',169,'d26becbf46ac48eda79c7a39a13a02dd'),(339,'uploads/memorials/1_105.png.230x320_q85.png','2013-09-02 11:14:53',171,'d26becbf46ac48eda79c7a39a13a02dd'),(340,'uploads/memorials/1_60.png.230x320_q85.png','2013-09-02 12:57:36',172,'d26becbf46ac48eda79c7a39a13a02dd'),(341,'uploads/memorials/2_97.png.100x100_q85_crop_detail_upscale.png','2013-09-02 13:11:23',159,'d26becbf46ac48eda79c7a39a13a02dd'),(342,'uploads/memorials/1_97.png.100x100_q85_crop_detail_upscale.png','2013-09-02 13:11:24',173,'d26becbf46ac48eda79c7a39a13a02dd'),(343,'uploads/memorials/1_103.png.230x320_q85.png','2013-09-03 19:55:56',174,'d26becbf46ac48eda79c7a39a13a02dd'),(344,'uploads/memorials/1_65.png.230x320_q85.png','2013-09-04 09:59:36',175,'d26becbf46ac48eda79c7a39a13a02dd'),(345,'uploads/memorials/1_102.png.230x320_q85.png','2013-09-04 10:19:51',176,'d26becbf46ac48eda79c7a39a13a02dd'),(346,'uploads/ready/IMAG11811.jpg.100x100_q85_crop_detail_upscale.jpg','2013-09-04 11:33:04',177,'d26becbf46ac48eda79c7a39a13a02dd'),(347,'uploads/memorials/1_56.png.230x320_q85.png','2013-09-04 12:26:34',178,'d26becbf46ac48eda79c7a39a13a02dd'),(348,'uploads/memorials/1_55.png.230x320_q85.png','2013-09-04 13:28:19',179,'d26becbf46ac48eda79c7a39a13a02dd'),(349,'uploads/memorials/1_58.png.230x320_q85.png','2013-09-04 18:45:11',180,'d26becbf46ac48eda79c7a39a13a02dd'),(350,'uploads/memorials/2_72.png.100x100_q85_crop_detail_upscale.png','2013-09-05 05:45:44',134,'d26becbf46ac48eda79c7a39a13a02dd'),(351,'uploads/memorials/1_72.png.100x100_q85_crop_detail_upscale.png','2013-09-05 05:45:45',181,'d26becbf46ac48eda79c7a39a13a02dd'),(352,'uploads/memorials/1_96.png.230x320_q85.png','2013-09-05 15:21:18',182,'d26becbf46ac48eda79c7a39a13a02dd'),(353,'uploads/memorials/1_86.png.230x320_q85.png','2013-09-05 17:19:43',183,'d26becbf46ac48eda79c7a39a13a02dd'),(354,'uploads/memorials/2_58.png.100x100_q85_crop_detail_upscale.png','2013-09-06 10:03:34',120,'d26becbf46ac48eda79c7a39a13a02dd'),(355,'uploads/memorials/1_58.png.100x100_q85_crop_detail_upscale.png','2013-09-06 10:03:34',180,'d26becbf46ac48eda79c7a39a13a02dd'),(356,'uploads/memorials/2_57.png.100x100_q85_crop_detail_upscale.png','2013-09-06 10:03:43',119,'d26becbf46ac48eda79c7a39a13a02dd'),(357,'uploads/memorials/1_57.png.100x100_q85_crop_detail_upscale.png','2013-09-06 10:03:43',184,'d26becbf46ac48eda79c7a39a13a02dd'),(358,'uploads/memorials/1_87.png.230x320_q85.png','2013-09-06 15:28:45',185,'d26becbf46ac48eda79c7a39a13a02dd'),(359,'uploads/memorials/1_101.png.230x320_q85.png','2013-09-06 15:28:48',186,'d26becbf46ac48eda79c7a39a13a02dd'),(360,'uploads/memorials/1_104.png.230x320_q85.png','2013-09-06 15:28:55',187,'d26becbf46ac48eda79c7a39a13a02dd'),(361,'uploads/memorials/1_83.png.230x320_q85.png','2013-09-06 15:29:03',188,'d26becbf46ac48eda79c7a39a13a02dd'),(362,'uploads/memorials/1_66.png.230x320_q85.png','2013-09-06 15:29:09',189,'d26becbf46ac48eda79c7a39a13a02dd'),(363,'uploads/memorials/1_63.png.230x320_q85.png','2013-09-06 15:29:16',190,'d26becbf46ac48eda79c7a39a13a02dd'),(364,'uploads/memorials/1_84.png.230x320_q85.png','2013-09-06 15:29:29',191,'d26becbf46ac48eda79c7a39a13a02dd'),(365,'uploads/memorials/1_81.png.230x320_q85.png','2013-09-06 15:29:35',192,'d26becbf46ac48eda79c7a39a13a02dd'),(366,'uploads/memorials/1_85.png.230x320_q85.png','2013-09-06 15:29:42',193,'d26becbf46ac48eda79c7a39a13a02dd'),(367,'uploads/memorials/1_82.png.230x320_q85.png','2013-09-06 15:29:55',194,'d26becbf46ac48eda79c7a39a13a02dd'),(368,'uploads/memorials/1_76.png.230x320_q85.png','2013-09-06 15:30:02',195,'d26becbf46ac48eda79c7a39a13a02dd'),(369,'uploads/memorials/1_98.png.230x320_q85.png','2013-09-06 15:30:08',196,'d26becbf46ac48eda79c7a39a13a02dd'),(370,'uploads/memorials/1_80.png.230x320_q85.png','2013-09-06 15:30:28',197,'d26becbf46ac48eda79c7a39a13a02dd'),(371,'uploads/memorials/1_99.png.230x320_q85.png','2013-09-06 15:30:34',198,'d26becbf46ac48eda79c7a39a13a02dd'),(372,'uploads/memorials/1_73.png.230x320_q85.png','2013-09-06 15:30:41',199,'d26becbf46ac48eda79c7a39a13a02dd'),(373,'uploads/memorials/1_72.png.230x320_q85.png','2013-09-06 15:30:47',181,'d26becbf46ac48eda79c7a39a13a02dd'),(374,'uploads/memorials/1_74.png.230x320_q85.png','2013-09-06 15:30:54',200,'d26becbf46ac48eda79c7a39a13a02dd'),(375,'uploads/memorials/1_79.png.230x320_q85.png','2013-09-06 15:31:14',201,'d26becbf46ac48eda79c7a39a13a02dd'),(376,'uploads/memorials/1_71.png.230x320_q85.png','2013-09-06 15:31:27',202,'d26becbf46ac48eda79c7a39a13a02dd'),(377,'uploads/memorials/1_100.png.230x320_q85.png','2013-09-06 15:31:33',203,'d26becbf46ac48eda79c7a39a13a02dd'),(378,'uploads/memorials/1_97.png.230x320_q85.png','2013-09-06 15:31:40',173,'d26becbf46ac48eda79c7a39a13a02dd'),(379,'uploads/memorials/1_93.png.230x320_q85.png','2013-09-06 15:31:46',168,'d26becbf46ac48eda79c7a39a13a02dd'),(380,'uploads/memorials/1_92.png.230x320_q85.png','2013-09-06 15:31:53',204,'d26becbf46ac48eda79c7a39a13a02dd'),(381,'uploads/memorials/1_68.png.230x320_q85.png','2013-09-06 15:31:59',205,'d26becbf46ac48eda79c7a39a13a02dd'),(382,'uploads/memorials/1_91.png.230x320_q85.png','2013-09-06 15:32:06',206,'d26becbf46ac48eda79c7a39a13a02dd'),(383,'uploads/memorials/1_61.png.230x320_q85.png','2013-09-06 15:32:12',207,'d26becbf46ac48eda79c7a39a13a02dd'),(384,'uploads/memorials/1_89.png.230x320_q85.png','2013-09-06 15:37:53',208,'d26becbf46ac48eda79c7a39a13a02dd'),(385,'uploads/memorials/1_70.png.230x320_q85.png','2013-09-06 16:35:24',209,'d26becbf46ac48eda79c7a39a13a02dd'),(386,'uploads/memorials/1_67.png.230x320_q85.png','2013-09-06 17:33:00',210,'d26becbf46ac48eda79c7a39a13a02dd'),(387,'uploads/memorials/1_69.png.230x320_q85.png','2013-09-06 18:03:02',211,'d26becbf46ac48eda79c7a39a13a02dd'),(388,'uploads/memorials/1_64.png.230x320_q85.png','2013-09-06 18:33:03',212,'d26becbf46ac48eda79c7a39a13a02dd'),(389,'uploads/memorials/1_75.png.230x320_q85.png','2013-09-06 19:02:52',213,'d26becbf46ac48eda79c7a39a13a02dd'),(390,'uploads/memorials/1_95.png.230x320_q85.png','2013-09-06 19:28:12',214,'d26becbf46ac48eda79c7a39a13a02dd'),(391,'uploads/memorials/1_94.png.230x320_q85.png','2013-09-06 19:57:00',215,'d26becbf46ac48eda79c7a39a13a02dd'),(392,'uploads/memorials/1_78.png.230x320_q85.png','2013-09-06 20:25:48',216,'d26becbf46ac48eda79c7a39a13a02dd'),(393,'uploads/memorials/1_77.png.230x320_q85.png','2013-09-06 20:54:36',217,'d26becbf46ac48eda79c7a39a13a02dd'),(394,'uploads/memorials/1_90.png.230x320_q85.png','2013-09-06 21:52:58',218,'d26becbf46ac48eda79c7a39a13a02dd'),(395,'uploads/memorials/1_88.png.230x320_q85.png','2013-09-06 22:22:58',219,'d26becbf46ac48eda79c7a39a13a02dd'),(396,'uploads/memorials/1_57.png.230x320_q85.png','2013-09-06 23:23:02',184,'d26becbf46ac48eda79c7a39a13a02dd'),(397,'uploads/memorials/1_59.png.230x320_q85.png','2013-09-07 00:16:12',220,'d26becbf46ac48eda79c7a39a13a02dd'),(398,'uploads/memorials/1_62.png.230x320_q85.png','2013-09-07 01:13:48',221,'d26becbf46ac48eda79c7a39a13a02dd'),(399,'uploads/ready/IMAG15051.jpg.200x280_q85.jpg','2013-09-09 19:25:44',222,'d26becbf46ac48eda79c7a39a13a02dd'),(400,'uploads/ready/IMAG16161.jpg.200x280_q85.jpg','2013-09-09 19:25:46',223,'d26becbf46ac48eda79c7a39a13a02dd'),(401,'uploads/ready/IMAG16671.jpg.200x280_q85.jpg','2013-09-09 21:35:29',224,'d26becbf46ac48eda79c7a39a13a02dd'),(402,'uploads/ready/IMAG15431.jpg.200x280_q85.jpg','2013-09-09 21:53:56',225,'d26becbf46ac48eda79c7a39a13a02dd'),(403,'uploads/ready/IMAG14891.jpg.200x280_q85.jpg','2013-09-10 05:25:55',226,'d26becbf46ac48eda79c7a39a13a02dd'),(404,'uploads/ready/IMAG18461.jpg.200x280_q85.jpg','2013-09-10 05:25:55',227,'d26becbf46ac48eda79c7a39a13a02dd'),(405,'uploads/ready/IMAG13231.jpg.200x280_q85.jpg','2013-09-10 07:06:35',228,'d26becbf46ac48eda79c7a39a13a02dd'),(406,'uploads/ready/IMAG14891.jpg.230x320_q85.jpg','2013-09-10 08:05:02',226,'d26becbf46ac48eda79c7a39a13a02dd'),(407,'uploads/ready/IMAG14891.jpg.50x50_q85.jpg','2013-09-10 08:05:04',226,'d26becbf46ac48eda79c7a39a13a02dd'),(408,'uploads/ready/IMAG16081.jpg.230x320_q85.jpg','2013-09-10 08:05:05',229,'d26becbf46ac48eda79c7a39a13a02dd'),(409,'uploads/ready/IMAG16081.jpg.50x50_q85.jpg','2013-09-10 08:05:06',229,'d26becbf46ac48eda79c7a39a13a02dd'),(410,'uploads/ready/IMAG17351.jpg.230x320_q85.jpg','2013-09-10 08:05:07',230,'d26becbf46ac48eda79c7a39a13a02dd'),(411,'uploads/ready/IMAG17351.jpg.50x50_q85.jpg','2013-09-10 08:05:09',230,'d26becbf46ac48eda79c7a39a13a02dd'),(412,'uploads/ready/IMAG18461.jpg.230x320_q85.jpg','2013-09-10 08:05:09',227,'d26becbf46ac48eda79c7a39a13a02dd'),(413,'uploads/ready/IMAG18461.jpg.50x50_q85.jpg','2013-09-10 08:05:11',227,'d26becbf46ac48eda79c7a39a13a02dd'),(414,'uploads/ready/S63001061.jpg.230x320_q85.jpg','2013-09-10 08:05:12',231,'d26becbf46ac48eda79c7a39a13a02dd'),(415,'uploads/ready/S63001061.jpg.50x50_q85.jpg','2013-09-10 08:05:13',231,'d26becbf46ac48eda79c7a39a13a02dd'),(416,'uploads/ready/IMAG16421.jpg.230x320_q85.jpg','2013-09-10 08:05:14',232,'d26becbf46ac48eda79c7a39a13a02dd'),(417,'uploads/ready/IMAG16421.jpg.50x50_q85.jpg','2013-09-10 08:05:14',232,'d26becbf46ac48eda79c7a39a13a02dd'),(418,'uploads/ready/IMAG16671.jpg.230x320_q85.jpg','2013-09-10 08:05:15',224,'d26becbf46ac48eda79c7a39a13a02dd'),(419,'uploads/ready/IMAG16671.jpg.50x50_q85.jpg','2013-09-10 08:05:17',224,'d26becbf46ac48eda79c7a39a13a02dd'),(420,'uploads/ready/IMAG11811.jpg.230x320_q85.jpg','2013-09-10 08:05:17',177,'d26becbf46ac48eda79c7a39a13a02dd'),(421,'uploads/ready/IMAG11811.jpg.50x50_q85.jpg','2013-09-10 08:05:20',177,'d26becbf46ac48eda79c7a39a13a02dd'),(422,'uploads/ready/IMAG17241.jpg.230x320_q85.jpg','2013-09-10 08:05:21',233,'d26becbf46ac48eda79c7a39a13a02dd'),(423,'uploads/ready/IMAG17241.jpg.50x50_q85.jpg','2013-09-10 08:05:22',233,'d26becbf46ac48eda79c7a39a13a02dd'),(424,'uploads/ready/IMAG15051.jpg.230x320_q85.jpg','2013-09-10 08:05:23',222,'d26becbf46ac48eda79c7a39a13a02dd'),(425,'uploads/ready/IMAG15051.jpg.50x50_q85.jpg','2013-09-10 08:05:25',222,'d26becbf46ac48eda79c7a39a13a02dd'),(426,'uploads/ready/IMAG16911.jpg.230x320_q85.jpg','2013-09-10 08:05:25',234,'d26becbf46ac48eda79c7a39a13a02dd'),(427,'uploads/ready/IMAG16911.jpg.50x50_q85.jpg','2013-09-10 08:05:26',234,'d26becbf46ac48eda79c7a39a13a02dd'),(428,'uploads/ready/IMAG13311.jpg.230x320_q85.jpg','2013-09-10 08:05:27',235,'d26becbf46ac48eda79c7a39a13a02dd'),(429,'uploads/ready/IMAG13311.jpg.50x50_q85.jpg','2013-09-10 08:05:29',235,'d26becbf46ac48eda79c7a39a13a02dd'),(430,'uploads/ready/IMAG16161.jpg.230x320_q85.jpg','2013-09-10 08:05:30',223,'d26becbf46ac48eda79c7a39a13a02dd'),(431,'uploads/ready/IMAG16161.jpg.50x50_q85.jpg','2013-09-10 08:05:36',223,'d26becbf46ac48eda79c7a39a13a02dd'),(432,'uploads/ready/IMAG11831.jpg.230x320_q85.jpg','2013-09-10 08:05:37',236,'d26becbf46ac48eda79c7a39a13a02dd'),(433,'uploads/ready/IMAG11831.jpg.50x50_q85.jpg','2013-09-10 08:05:39',236,'d26becbf46ac48eda79c7a39a13a02dd'),(434,'uploads/ready/IMAG13231.jpg.230x320_q85.jpg','2013-09-10 08:05:40',228,'d26becbf46ac48eda79c7a39a13a02dd'),(435,'uploads/ready/IMAG13231.jpg.50x50_q85.jpg','2013-09-10 08:05:42',228,'d26becbf46ac48eda79c7a39a13a02dd'),(436,'uploads/ready/IMAG15431.jpg.230x320_q85.jpg','2013-09-10 08:05:43',225,'d26becbf46ac48eda79c7a39a13a02dd'),(437,'uploads/ready/IMAG15431.jpg.50x50_q85.jpg','2013-09-10 08:05:45',225,'d26becbf46ac48eda79c7a39a13a02dd'),(438,'uploads/ready/IMAG15471.jpg.230x320_q85.jpg','2013-09-10 08:05:46',237,'d26becbf46ac48eda79c7a39a13a02dd'),(439,'uploads/ready/IMAG15471.jpg.50x50_q85.jpg','2013-09-10 08:05:48',237,'d26becbf46ac48eda79c7a39a13a02dd'),(440,'uploads/ready/IMAG14421.jpg.230x320_q85.jpg','2013-09-10 08:05:49',238,'d26becbf46ac48eda79c7a39a13a02dd'),(441,'uploads/ready/IMAG14421.jpg.50x50_q85.jpg','2013-09-10 08:05:50',238,'d26becbf46ac48eda79c7a39a13a02dd'),(442,'uploads/ready/IMAG16031.jpg.230x320_q85.jpg','2013-09-10 08:05:51',239,'d26becbf46ac48eda79c7a39a13a02dd'),(443,'uploads/ready/IMAG16031.jpg.50x50_q85.jpg','2013-09-10 08:05:54',239,'d26becbf46ac48eda79c7a39a13a02dd'),(444,'uploads/ready/IMAG17711.jpg.230x320_q85.jpg','2013-09-10 08:05:54',240,'d26becbf46ac48eda79c7a39a13a02dd'),(445,'uploads/ready/IMAG17711.jpg.50x50_q85.jpg','2013-09-10 08:05:56',240,'d26becbf46ac48eda79c7a39a13a02dd'),(446,'uploads/ready/IMAG17381.jpg.230x320_q85.jpg','2013-09-10 08:05:57',241,'d26becbf46ac48eda79c7a39a13a02dd'),(447,'uploads/ready/IMAG17381.jpg.50x50_q85.jpg','2013-09-10 08:05:59',241,'d26becbf46ac48eda79c7a39a13a02dd'),(448,'uploads/ready/IMAG09801.jpg.230x320_q85.jpg','2013-09-10 08:06:00',242,'d26becbf46ac48eda79c7a39a13a02dd'),(449,'uploads/ready/IMAG09801.jpg.50x50_q85.jpg','2013-09-10 08:06:03',242,'d26becbf46ac48eda79c7a39a13a02dd'),(450,'uploads/ready/IMAG09781.jpg.230x320_q85.jpg','2013-09-10 08:06:04',243,'d26becbf46ac48eda79c7a39a13a02dd'),(451,'uploads/ready/IMAG09781.jpg.50x50_q85.jpg','2013-09-10 08:06:16',243,'d26becbf46ac48eda79c7a39a13a02dd'),(452,'uploads/ready/IMAG13951.jpg.230x320_q85.jpg','2013-09-10 08:06:17',244,'d26becbf46ac48eda79c7a39a13a02dd'),(453,'uploads/ready/IMAG13951.jpg.50x50_q85.jpg','2013-09-10 08:06:19',244,'d26becbf46ac48eda79c7a39a13a02dd'),(454,'uploads/ready/IMAG13811.jpg.230x320_q85.jpg','2013-09-10 08:06:20',245,'d26becbf46ac48eda79c7a39a13a02dd'),(455,'uploads/ready/IMAG13811.jpg.50x50_q85.jpg','2013-09-10 08:06:23',245,'d26becbf46ac48eda79c7a39a13a02dd'),(456,'uploads/ready/IMAG13921.jpg.230x320_q85.jpg','2013-09-10 08:06:24',246,'d26becbf46ac48eda79c7a39a13a02dd'),(457,'uploads/ready/IMAG13921.jpg.50x50_q85.jpg','2013-09-10 08:06:26',246,'d26becbf46ac48eda79c7a39a13a02dd'),(458,'uploads/ready/IMAG17521.jpg.230x320_q85.jpg','2013-09-10 08:06:27',247,'d26becbf46ac48eda79c7a39a13a02dd'),(459,'uploads/ready/IMAG17521.jpg.50x50_q85.jpg','2013-09-10 08:06:30',247,'d26becbf46ac48eda79c7a39a13a02dd'),(460,'uploads/ready/IMAG17041.jpg.230x320_q85.jpg','2013-09-10 08:06:31',248,'d26becbf46ac48eda79c7a39a13a02dd'),(461,'uploads/ready/IMAG17041.jpg.50x50_q85.jpg','2013-09-10 08:06:33',248,'d26becbf46ac48eda79c7a39a13a02dd'),(462,'uploads/ready/EjWWb6ONNNY1.jpg.230x320_q85.jpg','2013-09-10 08:06:33',249,'d26becbf46ac48eda79c7a39a13a02dd'),(463,'uploads/ready/EjWWb6ONNNY1.jpg.50x50_q85.jpg','2013-09-10 08:06:33',249,'d26becbf46ac48eda79c7a39a13a02dd'),(464,'uploads/ready/IMAG16421.jpg.200x280_q85.jpg','2013-09-10 08:33:22',232,'d26becbf46ac48eda79c7a39a13a02dd'),(465,'uploads/ready/IMAG16911.jpg.200x280_q85.jpg','2013-09-10 08:33:23',234,'d26becbf46ac48eda79c7a39a13a02dd'),(466,'uploads/ready/IMAG14891.jpg.400x560_q85.jpg','2013-09-10 08:37:45',226,'d26becbf46ac48eda79c7a39a13a02dd'),(467,'uploads/ready/IMAG16081.jpg.400x560_q85.jpg','2013-09-10 08:37:46',229,'d26becbf46ac48eda79c7a39a13a02dd'),(468,'uploads/ready/IMAG17351.jpg.400x560_q85.jpg','2013-09-10 08:37:47',230,'d26becbf46ac48eda79c7a39a13a02dd'),(469,'uploads/ready/IMAG18461.jpg.400x560_q85.jpg','2013-09-10 08:37:49',227,'d26becbf46ac48eda79c7a39a13a02dd'),(470,'uploads/ready/S63001061.jpg.400x560_q85.jpg','2013-09-10 08:37:50',231,'d26becbf46ac48eda79c7a39a13a02dd'),(471,'uploads/ready/IMAG16421.jpg.400x560_q85.jpg','2013-09-10 08:37:52',232,'d26becbf46ac48eda79c7a39a13a02dd'),(472,'uploads/ready/IMAG16671.jpg.400x560_q85.jpg','2013-09-10 08:37:53',224,'d26becbf46ac48eda79c7a39a13a02dd'),(473,'uploads/ready/IMAG11811.jpg.400x560_q85.jpg','2013-09-10 08:37:54',177,'d26becbf46ac48eda79c7a39a13a02dd'),(474,'uploads/ready/IMAG17241.jpg.400x560_q85.jpg','2013-09-10 08:37:56',233,'d26becbf46ac48eda79c7a39a13a02dd'),(475,'uploads/ready/IMAG15051.jpg.400x560_q85.jpg','2013-09-10 08:37:57',222,'d26becbf46ac48eda79c7a39a13a02dd'),(476,'uploads/ready/IMAG16911.jpg.400x560_q85.jpg','2013-09-10 08:37:58',234,'d26becbf46ac48eda79c7a39a13a02dd'),(477,'uploads/ready/IMAG13311.jpg.400x560_q85.jpg','2013-09-10 08:37:59',235,'d26becbf46ac48eda79c7a39a13a02dd'),(478,'uploads/ready/IMAG16161.jpg.400x560_q85.jpg','2013-09-10 08:38:00',223,'d26becbf46ac48eda79c7a39a13a02dd'),(479,'uploads/ready/IMAG11831.jpg.400x560_q85.jpg','2013-09-10 08:38:01',236,'d26becbf46ac48eda79c7a39a13a02dd'),(480,'uploads/ready/IMAG13231.jpg.400x560_q85.jpg','2013-09-10 08:38:02',228,'d26becbf46ac48eda79c7a39a13a02dd'),(481,'uploads/ready/IMAG15431.jpg.400x560_q85.jpg','2013-09-10 08:38:04',225,'d26becbf46ac48eda79c7a39a13a02dd'),(482,'uploads/ready/IMAG15471.jpg.400x560_q85.jpg','2013-09-10 08:38:05',237,'d26becbf46ac48eda79c7a39a13a02dd'),(483,'uploads/ready/IMAG14421.jpg.400x560_q85.jpg','2013-09-10 08:38:06',238,'d26becbf46ac48eda79c7a39a13a02dd'),(484,'uploads/ready/IMAG16031.jpg.400x560_q85.jpg','2013-09-10 08:38:07',239,'d26becbf46ac48eda79c7a39a13a02dd'),(485,'uploads/ready/IMAG17711.jpg.400x560_q85.jpg','2013-09-10 08:38:08',240,'d26becbf46ac48eda79c7a39a13a02dd'),(486,'uploads/ready/IMAG17381.jpg.400x560_q85.jpg','2013-09-10 08:38:10',241,'d26becbf46ac48eda79c7a39a13a02dd'),(487,'uploads/ready/IMAG09801.jpg.400x560_q85.jpg','2013-09-10 08:38:12',242,'d26becbf46ac48eda79c7a39a13a02dd'),(488,'uploads/ready/IMAG09781.jpg.400x560_q85.jpg','2013-09-10 08:38:13',243,'d26becbf46ac48eda79c7a39a13a02dd'),(489,'uploads/ready/IMAG13951.jpg.400x560_q85.jpg','2013-09-10 08:38:19',244,'d26becbf46ac48eda79c7a39a13a02dd'),(490,'uploads/ready/IMAG13811.jpg.400x560_q85.jpg','2013-09-10 08:38:20',245,'d26becbf46ac48eda79c7a39a13a02dd'),(491,'uploads/ready/IMAG13921.jpg.400x560_q85.jpg','2013-09-10 08:38:22',246,'d26becbf46ac48eda79c7a39a13a02dd'),(492,'uploads/ready/IMAG17521.jpg.400x560_q85.jpg','2013-09-10 08:38:23',247,'d26becbf46ac48eda79c7a39a13a02dd'),(493,'uploads/ready/IMAG17041.jpg.400x560_q85.jpg','2013-09-10 08:38:24',248,'d26becbf46ac48eda79c7a39a13a02dd'),(494,'uploads/ready/EjWWb6ONNNY1.jpg.400x560_q85.jpg','2013-09-10 08:38:24',249,'d26becbf46ac48eda79c7a39a13a02dd'),(495,'uploads/ready/IMAG14891.jpg.80x80_q85_crop.jpg','2013-09-10 08:42:00',226,'d26becbf46ac48eda79c7a39a13a02dd'),(496,'uploads/ready/IMAG16081.jpg.80x80_q85_crop.jpg','2013-09-10 08:42:01',229,'d26becbf46ac48eda79c7a39a13a02dd'),(497,'uploads/ready/IMAG17351.jpg.80x80_q85_crop.jpg','2013-09-10 08:42:02',230,'d26becbf46ac48eda79c7a39a13a02dd'),(498,'uploads/ready/IMAG18461.jpg.80x80_q85_crop.jpg','2013-09-10 08:42:03',227,'d26becbf46ac48eda79c7a39a13a02dd'),(499,'uploads/ready/S63001061.jpg.80x80_q85_crop.jpg','2013-09-10 08:42:04',231,'d26becbf46ac48eda79c7a39a13a02dd'),(500,'uploads/ready/IMAG16421.jpg.80x80_q85_crop.jpg','2013-09-10 08:42:05',232,'d26becbf46ac48eda79c7a39a13a02dd'),(501,'uploads/ready/IMAG16671.jpg.80x80_q85_crop.jpg','2013-09-10 08:42:06',224,'d26becbf46ac48eda79c7a39a13a02dd'),(502,'uploads/ready/IMAG11811.jpg.80x80_q85_crop.jpg','2013-09-10 08:42:07',177,'d26becbf46ac48eda79c7a39a13a02dd'),(503,'uploads/ready/IMAG17241.jpg.80x80_q85_crop.jpg','2013-09-10 08:42:08',233,'d26becbf46ac48eda79c7a39a13a02dd'),(504,'uploads/ready/IMAG15051.jpg.80x80_q85_crop.jpg','2013-09-10 08:42:09',222,'d26becbf46ac48eda79c7a39a13a02dd'),(505,'uploads/ready/IMAG16911.jpg.80x80_q85_crop.jpg','2013-09-10 08:42:10',234,'d26becbf46ac48eda79c7a39a13a02dd'),(506,'uploads/ready/IMAG13311.jpg.80x80_q85_crop.jpg','2013-09-10 08:42:11',235,'d26becbf46ac48eda79c7a39a13a02dd'),(507,'uploads/ready/IMAG16161.jpg.80x80_q85_crop.jpg','2013-09-10 08:42:11',223,'d26becbf46ac48eda79c7a39a13a02dd'),(508,'uploads/ready/IMAG11831.jpg.80x80_q85_crop.jpg','2013-09-10 08:42:12',236,'d26becbf46ac48eda79c7a39a13a02dd'),(509,'uploads/ready/IMAG13231.jpg.80x80_q85_crop.jpg','2013-09-10 08:42:14',228,'d26becbf46ac48eda79c7a39a13a02dd'),(510,'uploads/ready/IMAG15431.jpg.80x80_q85_crop.jpg','2013-09-10 08:42:15',225,'d26becbf46ac48eda79c7a39a13a02dd'),(511,'uploads/ready/IMAG15471.jpg.80x80_q85_crop.jpg','2013-09-10 08:42:16',237,'d26becbf46ac48eda79c7a39a13a02dd'),(512,'uploads/ready/IMAG14421.jpg.80x80_q85_crop.jpg','2013-09-10 08:42:18',238,'d26becbf46ac48eda79c7a39a13a02dd'),(513,'uploads/ready/IMAG16031.jpg.80x80_q85_crop.jpg','2013-09-10 08:42:19',239,'d26becbf46ac48eda79c7a39a13a02dd'),(514,'uploads/ready/IMAG17711.jpg.80x80_q85_crop.jpg','2013-09-10 08:42:20',240,'d26becbf46ac48eda79c7a39a13a02dd'),(515,'uploads/ready/IMAG17381.jpg.80x80_q85_crop.jpg','2013-09-10 08:42:21',241,'d26becbf46ac48eda79c7a39a13a02dd'),(516,'uploads/ready/IMAG09801.jpg.80x80_q85_crop.jpg','2013-09-10 08:42:22',242,'d26becbf46ac48eda79c7a39a13a02dd'),(517,'uploads/ready/IMAG09781.jpg.80x80_q85_crop.jpg','2013-09-10 08:42:23',243,'d26becbf46ac48eda79c7a39a13a02dd'),(518,'uploads/ready/IMAG13951.jpg.80x80_q85_crop.jpg','2013-09-10 08:42:24',244,'d26becbf46ac48eda79c7a39a13a02dd'),(519,'uploads/ready/IMAG13811.jpg.80x80_q85_crop.jpg','2013-09-10 08:42:24',245,'d26becbf46ac48eda79c7a39a13a02dd'),(520,'uploads/ready/IMAG13921.jpg.80x80_q85_crop.jpg','2013-09-10 08:42:25',246,'d26becbf46ac48eda79c7a39a13a02dd'),(521,'uploads/ready/IMAG17521.jpg.80x80_q85_crop.jpg','2013-09-10 08:42:26',247,'d26becbf46ac48eda79c7a39a13a02dd'),(522,'uploads/ready/IMAG17041.jpg.80x80_q85_crop.jpg','2013-09-10 08:42:27',248,'d26becbf46ac48eda79c7a39a13a02dd'),(523,'uploads/ready/EjWWb6ONNNY1.jpg.80x80_q85_crop.jpg','2013-09-10 08:42:27',249,'d26becbf46ac48eda79c7a39a13a02dd'),(524,'uploads/ready/IMAG17351.jpg.200x280_q85.jpg','2013-09-10 10:21:42',230,'d26becbf46ac48eda79c7a39a13a02dd'),(525,'uploads/ready/IMAG17241.jpg.200x280_q85.jpg','2013-09-10 10:21:43',233,'d26becbf46ac48eda79c7a39a13a02dd'),(526,'uploads/ready/S63001061.jpg.200x280_q85.jpg','2013-09-10 19:42:57',231,'d26becbf46ac48eda79c7a39a13a02dd'),(527,'uploads/ready/IMAG16031.jpg.200x280_q85.jpg','2013-09-10 19:42:58',239,'d26becbf46ac48eda79c7a39a13a02dd'),(528,'uploads/ready/IMAG17041.jpg.200x280_q85.jpg','2013-09-10 19:42:58',248,'d26becbf46ac48eda79c7a39a13a02dd'),(529,'uploads/ready/IMAG16081.jpg.200x280_q85.jpg','2013-09-11 06:57:47',229,'d26becbf46ac48eda79c7a39a13a02dd'),(530,'uploads/memorials/2_96.png.100x100_q85_crop_detail_upscale.png','2013-09-11 10:49:39',158,'d26becbf46ac48eda79c7a39a13a02dd'),(531,'uploads/memorials/1_96.png.100x100_q85_crop_detail_upscale.png','2013-09-11 10:49:39',182,'d26becbf46ac48eda79c7a39a13a02dd'),(532,'uploads/ready/IMAG15471.jpg.200x280_q85.jpg','2013-09-11 14:41:02',237,'d26becbf46ac48eda79c7a39a13a02dd'),(533,'uploads/ready/IMAG17711.jpg.200x280_q85.jpg','2013-09-11 16:22:07',240,'d26becbf46ac48eda79c7a39a13a02dd'),(534,'uploads/ready/IMAG17381.jpg.200x280_q85.jpg','2013-09-11 16:22:08',241,'d26becbf46ac48eda79c7a39a13a02dd'),(535,'uploads/ready/IMAG09781.jpg.200x280_q85.jpg','2013-09-11 16:22:09',243,'d26becbf46ac48eda79c7a39a13a02dd'),(536,'uploads/memorials/2_104.png.100x100_q85_crop_detail_upscale.png','2013-09-12 11:10:50',166,'d26becbf46ac48eda79c7a39a13a02dd'),(537,'uploads/memorials/1_104.png.100x100_q85_crop_detail_upscale.png','2013-09-12 11:10:50',187,'d26becbf46ac48eda79c7a39a13a02dd'),(538,'uploads/memorials/2_103.png.100x100_q85_crop_detail_upscale.png','2013-09-12 11:11:17',165,'d26becbf46ac48eda79c7a39a13a02dd'),(539,'uploads/memorials/1_103.png.100x100_q85_crop_detail_upscale.png','2013-09-12 11:11:18',174,'d26becbf46ac48eda79c7a39a13a02dd'),(540,'uploads/memorials/2_102.png.100x100_q85_crop_detail_upscale.png','2013-09-12 11:12:07',164,'d26becbf46ac48eda79c7a39a13a02dd'),(541,'uploads/memorials/1_102.png.100x100_q85_crop_detail_upscale.png','2013-09-12 11:12:07',176,'d26becbf46ac48eda79c7a39a13a02dd'),(542,'uploads/ready/IMAG14421.jpg.200x280_q85.jpg','2013-09-13 16:45:45',238,'d26becbf46ac48eda79c7a39a13a02dd'),(543,'uploads/ready/IMAG13811.jpg.200x280_q85.jpg','2013-09-14 14:19:19',245,'d26becbf46ac48eda79c7a39a13a02dd'),(544,'uploads/ready/IMAG13921.jpg.200x280_q85.jpg','2013-09-14 15:34:53',246,'d26becbf46ac48eda79c7a39a13a02dd'),(545,'uploads/ready/IMAG11831.jpg.200x280_q85.jpg','2013-09-14 23:17:46',236,'d26becbf46ac48eda79c7a39a13a02dd'),(546,'uploads/ready/IMAG09801.jpg.200x280_q85.jpg','2013-09-14 23:17:47',242,'d26becbf46ac48eda79c7a39a13a02dd'),(547,'uploads/ready/IMAG17521.jpg.200x280_q85.jpg','2013-09-15 12:20:57',247,'d26becbf46ac48eda79c7a39a13a02dd'),(548,'uploads/ready/IMAG13951.jpg.200x280_q85.jpg','2013-09-20 01:07:01',244,'d26becbf46ac48eda79c7a39a13a02dd'),(549,'uploads/ready/IMAG11811.jpg.200x280_q85.jpg','2013-09-20 01:07:02',177,'d26becbf46ac48eda79c7a39a13a02dd'),(550,'uploads/ready/IMAG13311.jpg.200x280_q85.jpg','2013-09-20 01:07:16',235,'d26becbf46ac48eda79c7a39a13a02dd'),(551,'uploads/memorials/2_54.png.100x100_q85_crop_detail_upscale.png','2014-03-02 11:14:11',116,'d26becbf46ac48eda79c7a39a13a02dd'),(552,'uploads/memorials/1_54.png.100x100_q85_crop_detail_upscale.png','2014-03-02 11:14:11',170,'d26becbf46ac48eda79c7a39a13a02dd'),(553,'uploads/memorials/2_63.png.100x100_q85_crop_detail_upscale.png','2014-03-02 11:26:04',125,'d26becbf46ac48eda79c7a39a13a02dd'),(554,'uploads/memorials/1_63.png.100x100_q85_crop_detail_upscale.png','2014-03-02 11:26:05',190,'d26becbf46ac48eda79c7a39a13a02dd'),(555,'uploads/memorials/2_87.png.100x100_q85_crop_detail_upscale.png','2014-03-02 11:27:01',149,'d26becbf46ac48eda79c7a39a13a02dd'),(556,'uploads/memorials/1_87.png.100x100_q85_crop_detail_upscale.png','2014-03-02 11:27:01',185,'d26becbf46ac48eda79c7a39a13a02dd'),(557,'uploads/memorials/2_105.png.100x100_q85_crop_detail_upscale.png','2014-03-02 11:27:53',167,'d26becbf46ac48eda79c7a39a13a02dd'),(558,'uploads/memorials/1_105.png.100x100_q85_crop_detail_upscale.png','2014-03-02 11:27:53',171,'d26becbf46ac48eda79c7a39a13a02dd'),(559,'uploads/memorials/2_61.png.100x100_q85_crop_detail_upscale.png','2014-04-07 20:27:43',123,'d26becbf46ac48eda79c7a39a13a02dd'),(560,'uploads/memorials/1_61.png.100x100_q85_crop_detail_upscale.png','2014-04-07 20:27:43',207,'d26becbf46ac48eda79c7a39a13a02dd'),(561,'uploads/memorials/2_68.png.100x100_q85_crop_detail_upscale.png','2014-04-07 20:30:28',130,'d26becbf46ac48eda79c7a39a13a02dd'),(562,'uploads/memorials/1_68.png.100x100_q85_crop_detail_upscale.png','2014-04-07 20:30:28',205,'d26becbf46ac48eda79c7a39a13a02dd'),(563,'uploads/memorials/2_71.png.100x100_q85_crop_detail_upscale.png','2014-04-07 20:31:46',133,'d26becbf46ac48eda79c7a39a13a02dd'),(564,'uploads/memorials/1_71.png.100x100_q85_crop_detail_upscale.png','2014-04-07 20:31:46',202,'d26becbf46ac48eda79c7a39a13a02dd'),(565,'uploads/memorials/2_70.png.100x100_q85_crop_detail_upscale.png','2014-04-07 20:32:02',132,'d26becbf46ac48eda79c7a39a13a02dd'),(566,'uploads/memorials/1_70.png.100x100_q85_crop_detail_upscale.png','2014-04-07 20:32:02',209,'d26becbf46ac48eda79c7a39a13a02dd'),(567,'uploads/memorials/2_69.png.100x100_q85_crop_detail_upscale.png','2014-04-07 20:33:18',131,'d26becbf46ac48eda79c7a39a13a02dd'),(568,'uploads/memorials/1_69.png.100x100_q85_crop_detail_upscale.png','2014-04-07 20:33:18',211,'d26becbf46ac48eda79c7a39a13a02dd'),(569,'uploads/memorials/2_62.png.100x100_q85_crop_detail_upscale.png','2014-04-07 20:33:25',124,'d26becbf46ac48eda79c7a39a13a02dd'),(570,'uploads/memorials/1_62.png.100x100_q85_crop_detail_upscale.png','2014-04-07 20:33:26',221,'d26becbf46ac48eda79c7a39a13a02dd'),(571,'uploads/memorials/2_67.png.100x100_q85_crop_detail_upscale.png','2014-04-07 20:33:56',129,'d26becbf46ac48eda79c7a39a13a02dd'),(572,'uploads/memorials/1_67.png.100x100_q85_crop_detail_upscale.png','2014-04-07 20:33:56',210,'d26becbf46ac48eda79c7a39a13a02dd'),(573,'uploads/memorials/2_59.png.100x100_q85_crop_detail_upscale.png','2014-04-07 20:35:10',121,'d26becbf46ac48eda79c7a39a13a02dd'),(574,'uploads/memorials/1_59.png.100x100_q85_crop_detail_upscale.png','2014-04-07 20:35:10',220,'d26becbf46ac48eda79c7a39a13a02dd'),(575,'uploads/memorials/2_64.png.100x100_q85_crop_detail_upscale.png','2014-04-07 20:36:05',126,'d26becbf46ac48eda79c7a39a13a02dd'),(576,'uploads/memorials/1_64.png.100x100_q85_crop_detail_upscale.png','2014-04-07 20:36:05',212,'d26becbf46ac48eda79c7a39a13a02dd'),(577,'uploads/memorials/2_55.png.100x100_q85_crop_detail_upscale.png','2014-04-07 20:37:16',117,'d26becbf46ac48eda79c7a39a13a02dd'),(578,'uploads/memorials/1_55.png.100x100_q85_crop_detail_upscale.png','2014-04-07 20:37:17',179,'d26becbf46ac48eda79c7a39a13a02dd'),(579,'uploads/memorials/2_56.png.100x100_q85_crop_detail_upscale.png','2014-04-07 20:39:04',118,'d26becbf46ac48eda79c7a39a13a02dd'),(580,'uploads/memorials/1_56.png.100x100_q85_crop_detail_upscale.png','2014-04-07 20:39:05',178,'d26becbf46ac48eda79c7a39a13a02dd'),(581,'uploads/memorials/2_65.png.100x100_q85_crop_detail_upscale.png','2014-04-07 20:39:53',127,'d26becbf46ac48eda79c7a39a13a02dd'),(582,'uploads/memorials/1_65.png.100x100_q85_crop_detail_upscale.png','2014-04-07 20:39:54',175,'d26becbf46ac48eda79c7a39a13a02dd'),(583,'uploads/memorials/2_66.png.100x100_q85_crop_detail_upscale.png','2014-04-07 20:39:55',128,'d26becbf46ac48eda79c7a39a13a02dd'),(584,'uploads/memorials/1_66.png.100x100_q85_crop_detail_upscale.png','2014-04-07 20:39:55',189,'d26becbf46ac48eda79c7a39a13a02dd'),(585,'uploads/memorials/2_73.png.100x100_q85_crop_detail_upscale.png','2014-04-07 20:40:24',135,'d26becbf46ac48eda79c7a39a13a02dd'),(586,'uploads/memorials/1_73.png.100x100_q85_crop_detail_upscale.png','2014-04-07 20:40:24',199,'d26becbf46ac48eda79c7a39a13a02dd'),(587,'uploads/memorials/2_60.png.100x100_q85_crop_detail_upscale.png','2014-04-07 20:40:58',122,'d26becbf46ac48eda79c7a39a13a02dd'),(588,'uploads/memorials/1_60.png.100x100_q85_crop_detail_upscale.png','2014-04-07 20:40:59',172,'d26becbf46ac48eda79c7a39a13a02dd'),(589,'uploads/memorials/2_74.png.100x100_q85_crop_detail_upscale.png','2014-04-07 20:41:02',136,'d26becbf46ac48eda79c7a39a13a02dd'),(590,'uploads/memorials/1_74.png.100x100_q85_crop_detail_upscale.png','2014-04-07 20:41:03',200,'d26becbf46ac48eda79c7a39a13a02dd'),(591,'uploads/memorials/2_75.png.100x100_q85_crop_detail_upscale.png','2014-04-07 20:41:49',137,'d26becbf46ac48eda79c7a39a13a02dd'),(592,'uploads/memorials/1_75.png.100x100_q85_crop_detail_upscale.png','2014-04-07 20:41:49',213,'d26becbf46ac48eda79c7a39a13a02dd'),(593,'uploads/memorials/2_76.png.100x100_q85_crop_detail_upscale.png','2014-04-07 20:42:02',138,'d26becbf46ac48eda79c7a39a13a02dd'),(594,'uploads/memorials/1_76.png.100x100_q85_crop_detail_upscale.png','2014-04-07 20:42:03',195,'d26becbf46ac48eda79c7a39a13a02dd'),(595,'uploads/memorials/2_79.png.100x100_q85_crop_detail_upscale.png','2014-04-07 20:42:42',141,'d26becbf46ac48eda79c7a39a13a02dd'),(596,'uploads/memorials/1_79.png.100x100_q85_crop_detail_upscale.png','2014-04-07 20:42:43',201,'d26becbf46ac48eda79c7a39a13a02dd'),(597,'uploads/memorials/2_80.png.100x100_q85_crop_detail_upscale.png','2014-04-07 20:45:23',142,'d26becbf46ac48eda79c7a39a13a02dd'),(598,'uploads/memorials/1_80.png.100x100_q85_crop_detail_upscale.png','2014-04-07 20:45:23',197,'d26becbf46ac48eda79c7a39a13a02dd'),(599,'uploads/memorials/2_81.png.100x100_q85_crop_detail_upscale.png','2014-04-07 20:46:15',143,'d26becbf46ac48eda79c7a39a13a02dd'),(600,'uploads/memorials/1_81.png.100x100_q85_crop_detail_upscale.png','2014-04-07 20:46:15',192,'d26becbf46ac48eda79c7a39a13a02dd'),(601,'uploads/memorials/2_85.png.100x100_q85_crop_detail_upscale.png','2014-04-07 20:46:57',147,'d26becbf46ac48eda79c7a39a13a02dd'),(602,'uploads/memorials/1_85.png.100x100_q85_crop_detail_upscale.png','2014-04-07 20:46:57',193,'d26becbf46ac48eda79c7a39a13a02dd'),(603,'uploads/memorials/2_86.png.100x100_q85_crop_detail_upscale.png','2014-04-07 20:47:33',148,'d26becbf46ac48eda79c7a39a13a02dd'),(604,'uploads/memorials/1_86.png.100x100_q85_crop_detail_upscale.png','2014-04-07 20:47:33',183,'d26becbf46ac48eda79c7a39a13a02dd'),(605,'uploads/memorials/2_94.png.100x100_q85_crop_detail_upscale.png','2014-04-07 20:48:52',156,'d26becbf46ac48eda79c7a39a13a02dd'),(606,'uploads/memorials/1_94.png.100x100_q85_crop_detail_upscale.png','2014-04-07 20:48:53',215,'d26becbf46ac48eda79c7a39a13a02dd'),(607,'uploads/memorials/2_89.png.100x100_q85_crop_detail_upscale.png','2014-04-07 20:54:02',151,'d26becbf46ac48eda79c7a39a13a02dd'),(608,'uploads/memorials/1_89.png.100x100_q85_crop_detail_upscale.png','2014-04-07 20:54:02',208,'d26becbf46ac48eda79c7a39a13a02dd'),(609,'uploads/memorials/2_91.png.100x100_q85_crop_detail_upscale.png','2014-04-07 20:54:34',153,'d26becbf46ac48eda79c7a39a13a02dd'),(610,'uploads/memorials/1_91.png.100x100_q85_crop_detail_upscale.png','2014-04-07 20:54:34',206,'d26becbf46ac48eda79c7a39a13a02dd'),(611,'uploads/memorials/2_88.png.100x100_q85_crop_detail_upscale.png','2014-04-07 20:55:26',150,'d26becbf46ac48eda79c7a39a13a02dd'),(612,'uploads/memorials/1_88.png.100x100_q85_crop_detail_upscale.png','2014-04-07 20:55:27',219,'d26becbf46ac48eda79c7a39a13a02dd'),(613,'uploads/memorials/2_90.png.100x100_q85_crop_detail_upscale.png','2014-04-07 20:55:28',152,'d26becbf46ac48eda79c7a39a13a02dd'),(614,'uploads/memorials/1_90.png.100x100_q85_crop_detail_upscale.png','2014-04-07 20:55:29',218,'d26becbf46ac48eda79c7a39a13a02dd'),(615,'uploads/memorials/2_92.png.100x100_q85_crop_detail_upscale.png','2014-04-07 20:56:35',154,'d26becbf46ac48eda79c7a39a13a02dd'),(616,'uploads/memorials/1_92.png.100x100_q85_crop_detail_upscale.png','2014-04-07 20:56:35',204,'d26becbf46ac48eda79c7a39a13a02dd'),(617,'uploads/memorials/2_95.png.100x100_q85_crop_detail_upscale.png','2014-04-07 20:56:43',157,'d26becbf46ac48eda79c7a39a13a02dd'),(618,'uploads/memorials/1_95.png.100x100_q85_crop_detail_upscale.png','2014-04-07 20:56:43',214,'d26becbf46ac48eda79c7a39a13a02dd'),(619,'uploads/memorials/2_100.png.100x100_q85_crop_detail_upscale.png','2014-04-07 20:58:22',162,'d26becbf46ac48eda79c7a39a13a02dd'),(620,'uploads/memorials/1_100.png.100x100_q85_crop_detail_upscale.png','2014-04-07 20:58:22',203,'d26becbf46ac48eda79c7a39a13a02dd'),(621,'uploads/memorials/2_99.png.100x100_q85_crop_detail_upscale.png','2014-04-07 20:58:54',161,'d26becbf46ac48eda79c7a39a13a02dd'),(622,'uploads/memorials/1_99.png.100x100_q85_crop_detail_upscale.png','2014-04-07 20:58:54',198,'d26becbf46ac48eda79c7a39a13a02dd'),(623,'uploads/memorials/2_98.png.100x100_q85_crop_detail_upscale.png','2014-04-07 20:58:55',160,'d26becbf46ac48eda79c7a39a13a02dd'),(624,'uploads/memorials/1_98.png.100x100_q85_crop_detail_upscale.png','2014-04-07 20:58:55',196,'d26becbf46ac48eda79c7a39a13a02dd'),(625,'uploads/memorials/2_101.png.100x100_q85_crop_detail_upscale.png','2014-04-07 21:01:30',163,'d26becbf46ac48eda79c7a39a13a02dd'),(626,'uploads/memorials/1_101.png.100x100_q85_crop_detail_upscale.png','2014-04-07 21:01:30',186,'d26becbf46ac48eda79c7a39a13a02dd'),(627,'uploads/ready/EjWWb6ONNNY1.jpg.100x100_q85_crop_detail_upscale.jpg','2014-05-06 08:21:25',249,'d26becbf46ac48eda79c7a39a13a02dd'),(628,'uploads/ready/y3n2fN4k73I.jpg.400x560_q85.jpg','2014-05-10 15:04:33',250,'d26becbf46ac48eda79c7a39a13a02dd'),(629,'uploads/ready/y3n2fN4k73I.jpg.80x80_q85_crop.jpg','2014-05-10 15:04:33',250,'d26becbf46ac48eda79c7a39a13a02dd'),(630,'uploads/ready/xMni5ZpH3pE.jpg.400x560_q85.jpg','2014-05-10 15:04:33',251,'d26becbf46ac48eda79c7a39a13a02dd'),(631,'uploads/ready/xMni5ZpH3pE.jpg.80x80_q85_crop.jpg','2014-05-10 15:04:33',251,'d26becbf46ac48eda79c7a39a13a02dd'),(632,'uploads/ready/XIVGobmiBq4.jpg.400x560_q85.jpg','2014-05-10 15:16:29',252,'d26becbf46ac48eda79c7a39a13a02dd'),(633,'uploads/ready/XIVGobmiBq4.jpg.80x80_q85_crop.jpg','2014-05-10 15:16:30',252,'d26becbf46ac48eda79c7a39a13a02dd'),(634,'uploads/ready/WLptjkPMoJs.jpg.400x560_q85.jpg','2014-05-10 15:16:30',253,'d26becbf46ac48eda79c7a39a13a02dd'),(635,'uploads/ready/WLptjkPMoJs.jpg.80x80_q85_crop.jpg','2014-05-10 15:16:30',253,'d26becbf46ac48eda79c7a39a13a02dd'),(636,'uploads/ready/w8k11aq785k.jpg.400x560_q85.jpg','2014-05-10 15:16:31',254,'d26becbf46ac48eda79c7a39a13a02dd'),(637,'uploads/ready/w8k11aq785k.jpg.80x80_q85_crop.jpg','2014-05-10 15:16:31',254,'d26becbf46ac48eda79c7a39a13a02dd'),(638,'uploads/ready/VYVARSv9LRM.jpg.400x560_q85.jpg','2014-05-10 15:16:31',255,'d26becbf46ac48eda79c7a39a13a02dd'),(639,'uploads/ready/VYVARSv9LRM.jpg.80x80_q85_crop.jpg','2014-05-10 15:16:31',255,'d26becbf46ac48eda79c7a39a13a02dd'),(640,'uploads/ready/vOhSPGzzvmI.jpg.400x560_q85.jpg','2014-05-10 15:16:32',256,'d26becbf46ac48eda79c7a39a13a02dd'),(641,'uploads/ready/vOhSPGzzvmI.jpg.80x80_q85_crop.jpg','2014-05-10 15:16:32',256,'d26becbf46ac48eda79c7a39a13a02dd'),(642,'uploads/ready/TViiqoqq2_w.jpg.400x560_q85.jpg','2014-05-10 15:16:32',257,'d26becbf46ac48eda79c7a39a13a02dd'),(643,'uploads/ready/TViiqoqq2_w.jpg.80x80_q85_crop.jpg','2014-05-10 15:16:33',257,'d26becbf46ac48eda79c7a39a13a02dd'),(644,'uploads/ready/tAcxjywCtAA.jpg.400x560_q85.jpg','2014-05-10 15:16:33',258,'d26becbf46ac48eda79c7a39a13a02dd'),(645,'uploads/ready/tAcxjywCtAA.jpg.80x80_q85_crop.jpg','2014-05-10 15:16:33',258,'d26becbf46ac48eda79c7a39a13a02dd'),(646,'uploads/ready/s8Dkl27JV8A.jpg.400x560_q85.jpg','2014-05-10 15:16:34',259,'d26becbf46ac48eda79c7a39a13a02dd'),(647,'uploads/ready/s8Dkl27JV8A.jpg.80x80_q85_crop.jpg','2014-05-10 15:16:34',259,'d26becbf46ac48eda79c7a39a13a02dd'),(648,'uploads/ready/pPNVf16kxyA.jpg.400x560_q85.jpg','2014-05-10 15:16:34',260,'d26becbf46ac48eda79c7a39a13a02dd'),(649,'uploads/ready/pPNVf16kxyA.jpg.80x80_q85_crop.jpg','2014-05-10 15:16:34',260,'d26becbf46ac48eda79c7a39a13a02dd'),(650,'uploads/ready/O7nKkfsDTWs.jpg.400x560_q85.jpg','2014-05-10 15:16:34',261,'d26becbf46ac48eda79c7a39a13a02dd'),(651,'uploads/ready/O7nKkfsDTWs.jpg.80x80_q85_crop.jpg','2014-05-10 15:16:35',261,'d26becbf46ac48eda79c7a39a13a02dd'),(652,'uploads/ready/nrjISbZpgt0.jpg.400x560_q85.jpg','2014-05-10 15:16:35',262,'d26becbf46ac48eda79c7a39a13a02dd'),(653,'uploads/ready/nrjISbZpgt0.jpg.80x80_q85_crop.jpg','2014-05-10 15:16:35',262,'d26becbf46ac48eda79c7a39a13a02dd'),(654,'uploads/ready/MlErCPaRXa8.jpg.400x560_q85.jpg','2014-05-10 15:16:35',263,'d26becbf46ac48eda79c7a39a13a02dd'),(655,'uploads/ready/MlErCPaRXa8.jpg.80x80_q85_crop.jpg','2014-05-10 15:16:35',263,'d26becbf46ac48eda79c7a39a13a02dd'),(656,'uploads/ready/LZT-zxSUXEM.jpg.400x560_q85.jpg','2014-05-10 15:16:35',264,'d26becbf46ac48eda79c7a39a13a02dd'),(657,'uploads/ready/LZT-zxSUXEM.jpg.80x80_q85_crop.jpg','2014-05-10 15:16:35',264,'d26becbf46ac48eda79c7a39a13a02dd'),(658,'uploads/ready/lOOhjnlWla8.jpg.400x560_q85.jpg','2014-05-10 15:16:35',265,'d26becbf46ac48eda79c7a39a13a02dd'),(659,'uploads/ready/lOOhjnlWla8.jpg.80x80_q85_crop.jpg','2014-05-10 15:16:36',265,'d26becbf46ac48eda79c7a39a13a02dd'),(660,'uploads/ready/LepJG8gutEk.jpg.400x560_q85.jpg','2014-05-10 15:16:36',266,'d26becbf46ac48eda79c7a39a13a02dd'),(661,'uploads/ready/LepJG8gutEk.jpg.80x80_q85_crop.jpg','2014-05-10 15:16:36',266,'d26becbf46ac48eda79c7a39a13a02dd'),(662,'uploads/ready/KG6TePuU2GA.jpg.400x560_q85.jpg','2014-05-10 15:16:36',267,'d26becbf46ac48eda79c7a39a13a02dd'),(663,'uploads/ready/KG6TePuU2GA.jpg.80x80_q85_crop.jpg','2014-05-10 15:16:36',267,'d26becbf46ac48eda79c7a39a13a02dd'),(664,'uploads/ready/j6sG9VWdQRY.jpg.400x560_q85.jpg','2014-05-10 15:16:37',268,'d26becbf46ac48eda79c7a39a13a02dd'),(665,'uploads/ready/j6sG9VWdQRY.jpg.80x80_q85_crop.jpg','2014-05-10 15:16:37',268,'d26becbf46ac48eda79c7a39a13a02dd'),(666,'uploads/ready/iRSTXRh7G1E.jpg.400x560_q85.jpg','2014-05-10 15:16:37',269,'d26becbf46ac48eda79c7a39a13a02dd'),(667,'uploads/ready/iRSTXRh7G1E.jpg.80x80_q85_crop.jpg','2014-05-10 15:16:37',269,'d26becbf46ac48eda79c7a39a13a02dd'),(668,'uploads/ready/HLAW8dFyFCo.jpg.400x560_q85.jpg','2014-05-10 15:16:37',270,'d26becbf46ac48eda79c7a39a13a02dd'),(669,'uploads/ready/HLAW8dFyFCo.jpg.80x80_q85_crop.jpg','2014-05-10 15:16:38',270,'d26becbf46ac48eda79c7a39a13a02dd'),(670,'uploads/ready/HLAW8dFyFCo_1.jpg.400x560_q85.jpg','2014-05-10 15:16:38',271,'d26becbf46ac48eda79c7a39a13a02dd'),(671,'uploads/ready/HLAW8dFyFCo_1.jpg.80x80_q85_crop.jpg','2014-05-10 15:16:38',271,'d26becbf46ac48eda79c7a39a13a02dd'),(672,'uploads/ready/G9RJ4oDyw8Q.jpg.400x560_q85.jpg','2014-05-10 15:16:38',272,'d26becbf46ac48eda79c7a39a13a02dd'),(673,'uploads/ready/G9RJ4oDyw8Q.jpg.80x80_q85_crop.jpg','2014-05-10 15:16:39',272,'d26becbf46ac48eda79c7a39a13a02dd'),(674,'uploads/ready/78LX-w5Am-o.jpg.400x560_q85.jpg','2014-05-10 15:16:39',273,'d26becbf46ac48eda79c7a39a13a02dd'),(675,'uploads/ready/78LX-w5Am-o.jpg.80x80_q85_crop.jpg','2014-05-10 15:16:39',273,'d26becbf46ac48eda79c7a39a13a02dd'),(676,'uploads/ready/G7b15uQLknc.jpg.400x560_q85.jpg','2014-05-10 15:16:40',274,'d26becbf46ac48eda79c7a39a13a02dd'),(677,'uploads/ready/G7b15uQLknc.jpg.80x80_q85_crop.jpg','2014-05-10 15:16:40',274,'d26becbf46ac48eda79c7a39a13a02dd'),(678,'uploads/ready/DZW7Yzq3ln8.jpg.400x560_q85.jpg','2014-05-10 15:16:40',275,'d26becbf46ac48eda79c7a39a13a02dd'),(679,'uploads/ready/DZW7Yzq3ln8.jpg.80x80_q85_crop.jpg','2014-05-10 15:16:40',275,'d26becbf46ac48eda79c7a39a13a02dd'),(680,'uploads/ready/cpGycl2D1j4.jpg.400x560_q85.jpg','2014-05-10 15:16:40',276,'d26becbf46ac48eda79c7a39a13a02dd'),(681,'uploads/ready/cpGycl2D1j4.jpg.80x80_q85_crop.jpg','2014-05-10 15:16:40',276,'d26becbf46ac48eda79c7a39a13a02dd'),(682,'uploads/ready/CLkuVRhKVz0.jpg.400x560_q85.jpg','2014-05-10 15:16:41',277,'d26becbf46ac48eda79c7a39a13a02dd'),(683,'uploads/ready/CLkuVRhKVz0.jpg.80x80_q85_crop.jpg','2014-05-10 15:16:41',277,'d26becbf46ac48eda79c7a39a13a02dd'),(684,'uploads/ready/AF1BaDn8BoU.jpg.400x560_q85.jpg','2014-05-10 15:16:41',281,'d26becbf46ac48eda79c7a39a13a02dd'),(685,'uploads/ready/AF1BaDn8BoU.jpg.80x80_q85_crop.jpg','2014-05-10 15:16:41',281,'d26becbf46ac48eda79c7a39a13a02dd'),(686,'uploads/ready/4OAUlelXVVg.jpg.400x560_q85.jpg','2014-05-10 15:16:42',283,'d26becbf46ac48eda79c7a39a13a02dd'),(687,'uploads/ready/4OAUlelXVVg.jpg.80x80_q85_crop.jpg','2014-05-10 15:16:42',283,'d26becbf46ac48eda79c7a39a13a02dd'),(688,'uploads/ready/3cgQIp8a57o.jpg.400x560_q85.jpg','2014-05-10 15:16:42',284,'d26becbf46ac48eda79c7a39a13a02dd'),(689,'uploads/ready/3cgQIp8a57o.jpg.80x80_q85_crop.jpg','2014-05-10 15:16:42',284,'d26becbf46ac48eda79c7a39a13a02dd'),(690,'uploads/ready/2wn3Ivh44ro.jpg.400x560_q85.jpg','2014-05-10 15:16:43',285,'d26becbf46ac48eda79c7a39a13a02dd'),(691,'uploads/ready/2wn3Ivh44ro.jpg.80x80_q85_crop.jpg','2014-05-10 15:16:43',285,'d26becbf46ac48eda79c7a39a13a02dd'),(692,'uploads/ready/0-i5sYd7rAY.jpg.400x560_q85.jpg','2014-05-10 15:16:43',286,'d26becbf46ac48eda79c7a39a13a02dd'),(693,'uploads/ready/0-i5sYd7rAY.jpg.80x80_q85_crop.jpg','2014-05-10 15:16:43',286,'d26becbf46ac48eda79c7a39a13a02dd'),(694,'uploads/ready/se1HGxkPs-0.jpg.400x560_q85.jpg','2014-05-10 15:16:43',287,'d26becbf46ac48eda79c7a39a13a02dd'),(695,'uploads/ready/se1HGxkPs-0.jpg.80x80_q85_crop.jpg','2014-05-10 15:16:43',287,'d26becbf46ac48eda79c7a39a13a02dd');
/*!40000 ALTER TABLE `easy_thumbnails_thumbnail` ENABLE KEYS */;
UNLOCK TABLES;

--
-- Table structure for table `south_migrationhistory`
--

DROP TABLE IF EXISTS `south_migrationhistory`;
/*!40101 SET @saved_cs_client     = @@character_set_client */;
/*!40101 SET character_set_client = utf8 */;
CREATE TABLE `south_migrationhistory` (
  `id` int(11) NOT NULL AUTO_INCREMENT,
  `app_name` varchar(255) NOT NULL,
  `migration` varchar(255) NOT NULL,
  `applied` datetime NOT NULL,
  PRIMARY KEY (`id`)
) ENGINE=InnoDB DEFAULT CHARSET=utf8;
/*!40101 SET character_set_client = @saved_cs_client */;

--
-- Dumping data for table `south_migrationhistory`
--

LOCK TABLES `south_migrationhistory` WRITE;
/*!40000 ALTER TABLE `south_migrationhistory` DISABLE KEYS */;
/*!40000 ALTER TABLE `south_migrationhistory` ENABLE KEYS */;
UNLOCK TABLES;

--
-- Table structure for table `stonegarant_category`
--

DROP TABLE IF EXISTS `stonegarant_category`;
/*!40101 SET @saved_cs_client     = @@character_set_client */;
/*!40101 SET character_set_client = utf8 */;
CREATE TABLE `stonegarant_category` (
  `seoempoweredmodel_ptr_id` int(11) NOT NULL,
  `title` varchar(50) NOT NULL,
  `slug` varchar(255) NOT NULL,
  PRIMARY KEY (`seoempoweredmodel_ptr_id`),
  UNIQUE KEY `title` (`title`),
  CONSTRAINT `seoempoweredmodel_ptr_id_refs_id_b5e9922` FOREIGN KEY (`seoempoweredmodel_ptr_id`) REFERENCES `stonegarant_seoempoweredmodel` (`id`)
) ENGINE=InnoDB DEFAULT CHARSET=utf8;
/*!40101 SET character_set_client = @saved_cs_client */;

--
-- Dumping data for table `stonegarant_category`
--

LOCK TABLES `stonegarant_category` WRITE;
/*!40000 ALTER TABLE `stonegarant_category` DISABLE KEYS */;
INSERT INTO `stonegarant_category` VALUES (4,'Простые','prostye'),(5,'Двойные','dvoinye'),(6,'С крестом','s-krestom'),(7,'Одинарные','odinarnye'),(8,'Эксклюзивные','ekskliuzivnye'),(9,'Комплектующие','komplektuiushchie');
/*!40000 ALTER TABLE `stonegarant_category` ENABLE KEYS */;
UNLOCK TABLES;

--
-- Table structure for table `stonegarant_memorial`
--

DROP TABLE IF EXISTS `stonegarant_memorial`;
/*!40101 SET @saved_cs_client     = @@character_set_client */;
/*!40101 SET character_set_client = utf8 */;
CREATE TABLE `stonegarant_memorial` (
  `seoempoweredmodel_ptr_id` int(11) NOT NULL,
  `photo1` varchar(100) DEFAULT NULL,
  `photo2` varchar(100) DEFAULT NULL,
  `number` int(50) NOT NULL,
  `title` varchar(50) NOT NULL,
  `description` longtext,
  `stella` varchar(50) NOT NULL,
  `podstavka` varchar(50) NOT NULL,
  `cvetnik` varchar(50) NOT NULL,
  `price_face` int(11) NOT NULL,
  `price_circle` int(11) NOT NULL,
  `slug` varchar(255) NOT NULL,
  PRIMARY KEY (`seoempoweredmodel_ptr_id`),
  UNIQUE KEY `number` (`number`),
  CONSTRAINT `seoempoweredmodel_ptr_id_refs_id_87e716c0` FOREIGN KEY (`seoempoweredmodel_ptr_id`) REFERENCES `stonegarant_seoempoweredmodel` (`id`)
) ENGINE=InnoDB DEFAULT CHARSET=utf8;
/*!40101 SET character_set_client = @saved_cs_client */;

--
-- Dumping data for table `stonegarant_memorial`
--

LOCK TABLES `stonegarant_memorial` WRITE;
/*!40000 ALTER TABLE `stonegarant_memorial` DISABLE KEYS */;
INSERT INTO `stonegarant_memorial` VALUES (10,'uploads/memorials/2_53.png','uploads/memorials/1_53.png',1,'Фигурный памятник № 1 \"Гармония (с крестом) 5\"','<p>Надгробный памятник с крестом и тремя нижними волнообразными неполированными элементами.<br></p>','120х60х8','70х20х15','120х8х8 (2шт.), 70х8х8',17150,25600,'figurnyi-pamiatnik-1-garmoniia-s-krestom-5'),(11,'uploads/memorials/2_54.png','uploads/memorials/1_54.png',2,'Фигурный памятник № 2 \"Андромеда\"','<p>Надгробный памятник с крестом и двумя нижними волнообразными полированными элементами.<br></p>','120х60х8','70х20х15','120х8х8 (2шт.), 70х8х8',17150,25600,'figurnyi-pamiatnik-2-andromeda'),(12,'uploads/memorials/2_55.png','uploads/memorials/1_55.png',3,'Фигурный памятник № 3 \"Чаша\"','<p>Широкий горизонтальный надгробный памятник в виде чаши.<br></p>','70х100х8','120х20х15','70х8х8 (2 шт.), 120х8х8',18400,27600,'figurnyi-pamiatnik-3-chasha'),(13,'uploads/memorials/2_56.png','uploads/memorials/1_56.png',4,'Фигурный памятник № 4 \"Крест 1\"','<p>Надгробный памятник с крестом и округленной верхней частью.<br></p>','140х60х8','70х20х15','120х8х8 (2шт.), 70х8х8',16000,23800,'figurnyi-pamiatnik-4-krest-1'),(14,'uploads/memorials/2_57.png','uploads/memorials/1_57.png',5,'Фигурный памятник № 5 \"Памятник Гармония 5\"','<p>Надгробный памятник с нижними и боковыми волнообразными полированными элементами.<br></p>','120х60х8','70х20х15','120х8х8 (2шт.), 70х8х8',17150,25600,'figurnyi-pamiatnik-5-pamiatnik-garmoniia-5'),(15,'uploads/memorials/2_60.png','uploads/memorials/1_60.png',8,'Фигурный памятник № 8  \"Облако\"','<p>Широкий горизонтальный надгробный памятник в виде контуров облака.</p>','70х100х8','120х20х15','70х8х8 (2 шт.), 120х8х8',15600,23400,'figurnyi-pamiatnik-8-oblako'),(16,'uploads/memorials/2_58.png','uploads/memorials/1_58.png',6,'Фигурный памятник № 6  \"Факел\"','<p>Надгробный памятник в виде огненного факела.<br></p>','100х50х8','60х20х15','100х8х8 (2 шт.), 60х8х8',13300,19800,'figurnyi-pamiatnik-6-fakel'),(17,'uploads/memorials/2_59.png','uploads/memorials/1_59.png',7,'Фигурный памятник № 7  \"Гармония (с крестом) 4\"','<p>Надгробный памятник с крестом и двумя нижними волнообразными неполированными элементами.<br></p>','120х60х8','70х20х15','120х8х8 (2шт.), 70х8х8',17150,25600,'figurnyi-pamiatnik-7-garmoniia-s-krestom-4'),(18,'uploads/memorials/2_61.png','uploads/memorials/1_61.png',9,'Фигурный памятник № 9  \"Гармония 1\"','<p>Фигурный надгробный памятник с двумя нижними волнообразными полированными элементами.<br></p>','120х60х8','70х20х15','120х8х8 (2шт.), 70х8х8',16150,24100,'figurnyi-pamiatnik-9-garmoniia-1'),(19,'uploads/memorials/2_62.png','uploads/memorials/1_62.png',10,'Фигурный памятник № 10  \"Гармония (с крестом) 6\"','<p>Надгробный памятник с крестом, нижними и боковыми неполированнями элементами.<br></p>','120х60х8','70х20х15','120х8х8 (2шт.), 70х8х8',17750,26500,'figurnyi-pamiatnik-10-garmoniia-s-krestom-6'),(20,'uploads/memorials/2_63.png','uploads/memorials/1_63.png',11,'Фигурный памятник № 11  \"Ветер\"','<p>Стела в воздушном потоке.<br></p>','100х50х8','60х20х15','100х8х8 (2 шт.), 60х8х8',13450,19950,'figurnyi-pamiatnik-11-veter'),(21,'uploads/memorials/2_64.png','uploads/memorials/1_64.png',12,'Фигурный памятник № 12  \"Гармония 4\"','<p>Надгробный памятник с тремя нижними волнообразными неполированными элементами.<br></p>','120х60х8','70х20х15','120х8х8 (2шт.), 70х8х8',16150,25100,'figurnyi-pamiatnik-12-garmoniia-4'),(22,'uploads/memorials/2_65.png','uploads/memorials/1_65.png',13,'Фигурный памятник № 13  \"Трапеция\"','<p>Надгробный памятник в форме трапеции с волнообразной верхней частью.<br></p>','100х50х8','60х20х15','100х8х8 (2 шт.), 60х8х8',11450,16950,'figurnyi-pamiatnik-13-trapetsiia'),(23,'uploads/memorials/2_66.png','uploads/memorials/1_66.png',14,'Фигурный памятник № 14  \"Конус\"','<p>Надгробный памятник в форме конуса с волнообразной верхней частью.<br></p>','100х50х8','60х20х15','100х8х8 (2 шт.), 60х8х8',11450,16950,'figurnyi-pamiatnik-14-konus'),(24,'uploads/memorials/2_67.png','uploads/memorials/1_67.png',15,'Фигурный памятник № 15  \"Гармония 6\"','<p>Надгробный памятник с нижними и боковыми волнообразными неполированнями элементами.<br></p>','120х60х8','70х20х15','120х8х8 (2шт.), 70х8х8',17150,25600,'figurnyi-pamiatnik-15-garmoniia-6'),(25,'uploads/memorials/2_68.png','uploads/memorials/1_68.png',16,'Фигурный памятник № 16  \"Кассиопея\"','<p>Надгробный памятник с крестом и тремя нижними волнообразными полированными элементами.<br></p>','120х60х8','70х20х15','120х8х8 (2шт.), 70х8х8',17150,25600,'figurnyi-pamiatnik-16-kassiopeia'),(26,'uploads/memorials/2_69.png','uploads/memorials/1_69.png',17,'Фигурный памятник № 17  \"Гармония 2\"','<p>Фигурный надгробный памятник с двумя нижними волнообразными неполированными элементами.<br></p>','120х60х8','70х20х15','120х8х8 (2шт.), 70х8х8',16150,25100,'figurnyi-pamiatnik-17-garmoniia-2'),(27,'uploads/memorials/2_70.png','uploads/memorials/1_70.png',18,'Фигурный памятник № 18  \"Гармония 3\"','<p>Фигурный надгробный памятник с тремя нижними волнообразными полированными элементами.<br></p>','120х60х8','70х20х15','120х8х8 (2шт.), 70х8х8',16150,25100,'figurnyi-pamiatnik-18-garmoniia-3'),(28,'uploads/memorials/2_71.png','uploads/memorials/1_71.png',19,'Фигурный памятник № 19  \"Вероника\"','<p>Надгробный памятник с крестом, нижними и боковыми полированными элементами.<br></p>','120х60х8','70х20х15','120х8х8 (2шт.), 70х8х8',17750,26500,'figurnyi-pamiatnik-19-veronika'),(29,'uploads/memorials/2_72.png','uploads/memorials/1_72.png',20,'Фигурный памятник № 20  \"Волна 1\"','<p>Широкий горизонтальный надгробный памятник в виде волны.<br></p>','70х100х8','120х20х15','70х8х8 (2 шт.), 120х8х8',15600,23400,'figurnyi-pamiatnik-20-volna-1'),(30,'uploads/memorials/2_73.png','uploads/memorials/1_73.png',21,'Фигурный памятник № 21  \"Волна 2\"','<p>Широкий горизонтальный надгробный памятник в виде волны с наклонными краями.<br></p>','70х100х8','120х20х15','70х8х8 (2 шт.), 120х8х8',15600,23400,'figurnyi-pamiatnik-21-volna-2'),(31,'uploads/memorials/2_74.png','uploads/memorials/1_74.png',22,'Фигурный памятник № 22  \"Стена 1\"','<p>Широкий горизонтальный надгробный памятник с округлой верхней частью.<br></p>','70х100х8','120х20х15','70х8х8 (2 шт.), 120х8х8',14400,21600,'figurnyi-pamiatnik-22-stena-1'),(32,'uploads/memorials/2_75.png','uploads/memorials/1_75.png',23,'Фигурный памятник № 23  \"Большая Лира\"','<p>Широкий горизонтальный надгробный памятник в форме лиры.<br></p>','70х100х8','120х20х15','70х8х8 (2 шт.), 120х8х8',16000,24000,'figurnyi-pamiatnik-23-bolshaia-lira'),(33,'uploads/memorials/2_76.png','uploads/memorials/1_76.png',24,'Фигурный памятник № 24  \"Стена 2\"','<p>Широкий горизонтальный надгробный памятник<br></p>','70х100х8','120х20х15','70х8х8 (2 шт.), 120х8х8',14000,21000,'figurnyi-pamiatnik-24-stena-2'),(34,'uploads/memorials/2_77.png','uploads/memorials/1_77.png',25,'Фигурный памятник № 25  \"Зеркало готика 1\"','<p>Надгробный памятник в виде зеркала готической формы с полированными нижними элементами.<br></p>','120х60х8','70х20х15','120х8х8 (2шт.), 70х8х8',14500,21550,'figurnyi-pamiatnik-25-zerkalo-gotika-1'),(35,'uploads/memorials/2_78.png','uploads/memorials/1_78.png',26,'Фигурный памятник № 26  \"Зеркало готика 2\"','<p>Надгробный памятник готической формы с неполированными нижними элементами.<br></p>','120х60х8','70х20х15','120х8х8 (2шт.), 70х8х8',14550,21550,'figurnyi-pamiatnik-26-zerkalo-gotika-2'),(36,'uploads/memorials/2_79.png','uploads/memorials/1_79.png',27,'Фигурный памятник № 27  \"Сердце\"','<p>Надгробный памятник в виде сердца.<br></p>','90х70х8','80х20х15','100х8х8 (2 шт.), 80х8х8',15400,23000,'figurnyi-pamiatnik-27-serdtse'),(37,'uploads/memorials/2_80.png','uploads/memorials/1_80.png',28,'Фигурный памятник № 28  \"Березка\"','<p>Вертикальный надгробный памятник со стволом березы.<br></p>','100х50х8','60х20х15','100х8х8 (2 шт.), 60х8х8',16300,24300,'figurnyi-pamiatnik-28-berezka'),(38,'uploads/memorials/2_81.png','uploads/memorials/1_81.png',29,'Фигурный памятник № 29  \"Лира 1\"','<p>Стела в виде лиры с нижними полированными элементами.<br></p>','100х50х8','60х20х15','100х8х8 (2 шт.), 60х8х8',13300,19800,'figurnyi-pamiatnik-29-lira-1'),(39,'uploads/memorials/2_82.png','uploads/memorials/1_82.png',30,'Фигурный памятник № 30  \"Лира 4\"','<p>Стела в виде лиры с неполированными нижними и боковыми элементами.<br></p>','100х50х8','60х20х15','100х8х8 (2 шт.), 60х8х8',13850,20550,'figurnyi-pamiatnik-30-lira-4'),(40,'uploads/memorials/2_83.png','uploads/memorials/1_83.png',31,'Фигурный памятник № 31  \"Ветер\"','','100х50х8','60х20х15','100х8х8 (2 шт.), 60х8х8',13450,19950,'figurnyi-pamiatnik-31-veter'),(41,'uploads/memorials/2_84.png','uploads/memorials/1_84.png',32,'Фигурный памятник № 32  \"Лира 2\" ','','100х50х8','60х20х15','100х8х8 (2 шт.), 60х8х8',13450,19950,'figurnyi-pamiatnik-32-lira-2'),(42,'uploads/memorials/2_85.png','uploads/memorials/1_85.png',33,'Фигурный памятник № 33  \"Лира 3\" ','<p>Стела в виде лиры с полированными нижними и боковыми элементами.<br></p>','100х50х8','60х20х15','100х8х8 (2 шт.), 60х8х8',13700,20400,'figurnyi-pamiatnik-33-lira-3'),(43,'uploads/memorials/2_86.png','uploads/memorials/1_86.png',34,'Фигурный памятник № 34  \"Крест 2\"','<p>Крест на прямой стеле с плечами и округленной верхней частью.<br></p>','140х60х8','70х20х15','120х8х8 (2шт.), 70х8х8',20300,30300,'figurnyi-pamiatnik-34-krest-2'),(44,'uploads/memorials/2_87.png','uploads/memorials/1_87.png',35,'Фигурный памятник № 35  \"Ветвь\"','<p>Стела с украшением в виде ветви.<br></p>','100х50х8','60х20х15','100х8х8 (2 шт.), 60х8х8',12100,18000,'figurnyi-pamiatnik-35-vetv'),(45,'uploads/memorials/2_88.png','uploads/memorials/1_88.png',36,'Фигурный памятник № 36  \"Каменный цветок 1\"','<p>Стела в виде цветка с неполированной нижней частью.<br></p>','100х50х8','60х20х15','100х8х8 (2 шт.), 60х8х8',13300,19800,'figurnyi-pamiatnik-36-kamennyi-tsvetok-1'),(46,'uploads/memorials/2_89.png','uploads/memorials/1_89.png',37,'Фигурный памятник № 37  \"Вечность 1\"','<p>Вертикальная стела с округлой верхней гранью и правым крестом.<br></p>','100х50х8','60х20х15','100х8х8 (2 шт.), 60х8х8',10900,16200,'figurnyi-pamiatnik-37-vechnost-1'),(47,'uploads/memorials/2_90.png','uploads/memorials/1_90.png',38,'Фигурный памятник № 38  \" Каменный цветок 2\"','<p>Стела в виде цветка с полированной нижней частью.<br></p>','100х50х8','60х20х15','100х8х8 (2 шт.), 60х8х8',14450,19950,'figurnyi-pamiatnik-38-kamennyi-tsvetok-2'),(48,'uploads/memorials/2_91.png','uploads/memorials/1_91.png',39,'Фигурный памятник № 39  \"Вечность 3\"','<p>Вертикальная стела с округлой верхней гранью, шлифованным элементом и правым крестом.<br></p>','100х50х8','60х20х15','100х8х8 (2 шт.), 60х8х8',11300,16800,'figurnyi-pamiatnik-39-vechnost-3'),(49,'uploads/memorials/2_92.png','uploads/memorials/1_92.png',40,'Фигурный памятник № 40  \"Рукопись 1\"','<p>Широкая горизонтальная стела с волнообразной верхней частью и неполированными элементами.<br></p>','70х100х8','70х20х15','100х8х8 (2 шт.), 70х8х8',14650,21900,'figurnyi-pamiatnik-40-rukopis-1'),(50,'uploads/memorials/2_93.png','uploads/memorials/1_93.png',41,'Фигурный памятник № 41  \"Рукопись 2\"','<p>Широкая горизонтальная стела с волнообразной верхней частью и полированными элементами.<br></p>','70х100х8','70х20х15','100х8х8 (2 шт.), 70х8х8',14800,22050,'figurnyi-pamiatnik-41-rukopis-2'),(51,'uploads/memorials/2_94.png','uploads/memorials/1_94.png',42,'Фигурный памятник № 42  \"Век широкий 1\" ','<p>Широкая горизонтальная стела фигурной неполированной кромкой.<br></p>','70х100х8','70х20х15','100х8х8 (2 шт.), 70х8х8',12850,19200,'figurnyi-pamiatnik-42-vek-shirokii-1'),(52,'uploads/memorials/2_95.png','uploads/memorials/1_95.png',43,'Фигурный памятник № 43  \"Век широкий 2\"','<p>Широкая горизонтальная стела с фигурной неполированной кромкой.<br></p>','70х100х8','70х20х15','100х8х8 (2 шт.), 70х8х8',13200,19650,'figurnyi-pamiatnik-43-vek-shirokii-2'),(53,'uploads/memorials/2_96.png','uploads/memorials/1_96.png',44,'Фигурный памятник № 44  \"Наука 3\"','<p>Вертикальная стела с вырезанной неполированной кромкой.<br></p>','100х60х8','70х20х15','100х8х8 (2 шт.), 70х8х8',11300,16850,'figurnyi-pamiatnik-44-nauka-3'),(54,'uploads/memorials/2_97.png','uploads/memorials/1_97.png',45,'Фигурный памятник № 45  \"Тюльпан 1\"','<p>Стела в виде цветка тюльпана с неполированными элементами.<br></p>','100х50х8','60х20х15','100х8х8 (2 шт.), 60х8х8',14300,21300,'figurnyi-pamiatnik-45-tiulpan-1'),(55,'uploads/memorials/2_98.png','uploads/memorials/1_98.png',46,'Фигурный памятник № 46  \"Голубь 2\"','<p>Стела в виде птицы с полированными элементами.<br></p>','100х50х8','60х20х15','100х8х8 (2 шт.), 60х8х8',14000,20800,'figurnyi-pamiatnik-46-golub-2'),(56,'uploads/memorials/2_99.png','uploads/memorials/1_99.png',47,'Фигурный памятник № 47  \"Голубь 1\"','<p>Стела в виде птицы с неполированными элементами.<br></p>','100х50х8','60х20х15','100х8х8 (2 шт.), 60х8х8',13900,20700,'figurnyi-pamiatnik-47-golub-1'),(57,'uploads/memorials/2_100.png','uploads/memorials/1_100.png',48,'Фигурный памятник № 48  \"Тюльпан 2\"','<p>Стела в виде цветка тюльпана с полированными элементами.<br></p>','100х50х8','60х20х15','100х8х8 (2 шт.), 60х8х8',14300,21300,'figurnyi-pamiatnik-48-tiulpan-2'),(58,'uploads/memorials/2_101.png','uploads/memorials/1_101.png',49,'Фигурный памятник № 49  \"Трио\"','<p>Комплекс из трех стел.<br></p>','100х40х8, 90х40х5 (2 шт.)','120х20х15','120х8х8 (2шт.), 70х8х8',17150,25500,'figurnyi-pamiatnik-49-trio'),(59,'uploads/memorials/2_102.png','uploads/memorials/1_102.png',50,'Фигурный памятник № 50  \"Округлый прямой\"','<p>Прямая стела с округленной верхней частью.<br></p>','100х50х8','60х20х15','100х8х8 (2 шт.), 60х8х8',9650,14250,'figurnyi-pamiatnik-50-okruglyi-priamoi'),(60,'uploads/memorials/2_103.png','uploads/memorials/1_103.png',51,'Фигурный памятник № 51  \"Памятник с плечами\"','<p>Прямая стела плечами и округленной верхней частью.<br></p>','100х50х8','60х20х15','100х8х8 (2 шт.), 60х8х8',9650,14250,'figurnyi-pamiatnik-51-pamiatnik-s-plechami'),(61,'uploads/memorials/2_104.png','uploads/memorials/1_104.png',52,'Фигурный памятник № 52  \"Волна\"','<p>Прямая стела с волнообразной верхней частью.<br></p>','100х50х8','60х20х15','100х8х8 (2 шт.), 60х8х8',9650,14250,'figurnyi-pamiatnik-52-volna'),(62,'uploads/memorials/2_105.png','uploads/memorials/1_105.png',53,'Прямоугольный памятник  № 53 \"Памятник Стандарт\"','<p>Прямоугольный надгробный памятник из черного габбро-диабаза.<br></p>','100х50х8','60х20х15','100х8х8 (2 шт.), 60х8х8',7900,11580,'priamougolnyi-pamiatnik-53-pamiatnik-standart');
/*!40000 ALTER TABLE `stonegarant_memorial` ENABLE KEYS */;
UNLOCK TABLES;

--
-- Table structure for table `stonegarant_memorial_categories`
--

DROP TABLE IF EXISTS `stonegarant_memorial_categories`;
/*!40101 SET @saved_cs_client     = @@character_set_client */;
/*!40101 SET character_set_client = utf8 */;
CREATE TABLE `stonegarant_memorial_categories` (
  `id` int(11) NOT NULL AUTO_INCREMENT,
  `memorial_id` int(11) NOT NULL,
  `category_id` int(11) NOT NULL,
  PRIMARY KEY (`id`),
  UNIQUE KEY `memorial_id` (`memorial_id`,`category_id`),
  KEY `stonegarant_memorial_categories_b69ccb6a` (`memorial_id`),
  KEY `stonegarant_memorial_categories_42dc49bc` (`category_id`),
  CONSTRAINT `category_id_refs_seoempoweredmodel_ptr_id_80770593` FOREIGN KEY (`category_id`) REFERENCES `stonegarant_category` (`seoempoweredmodel_ptr_id`),
  CONSTRAINT `memorial_id_refs_seoempoweredmodel_ptr_id_b1d68679` FOREIGN KEY (`memorial_id`) REFERENCES `stonegarant_memorial` (`seoempoweredmodel_ptr_id`)
) ENGINE=InnoDB AUTO_INCREMENT=449 DEFAULT CHARSET=utf8;
/*!40101 SET character_set_client = @saved_cs_client */;

--
-- Dumping data for table `stonegarant_memorial_categories`
--

LOCK TABLES `stonegarant_memorial_categories` WRITE;
/*!40000 ALTER TABLE `stonegarant_memorial_categories` DISABLE KEYS */;
INSERT INTO `stonegarant_memorial_categories` VALUES (401,10,6),(402,10,7),(400,10,8),(385,11,6),(386,11,7),(384,11,8),(408,12,5),(407,12,8),(410,13,6),(411,13,7),(383,14,7),(382,14,8),(414,15,5),(413,15,8),(421,16,7),(398,17,6),(399,17,7),(397,17,8),(381,18,7),(404,19,6),(405,19,7),(403,19,8),(303,20,7),(406,21,7),(305,22,4),(306,22,7),(307,23,4),(308,23,7),(396,24,7),(395,24,8),(388,25,6),(389,25,7),(387,25,8),(394,26,7),(393,27,7),(391,28,6),(392,28,7),(390,28,8),(409,29,5),(412,30,5),(415,31,5),(417,32,5),(416,32,8),(418,33,5),(325,34,7),(326,35,7),(419,36,5),(420,36,7),(423,37,7),(422,37,8),(424,38,7),(332,39,7),(333,40,7),(334,41,7),(425,42,7),(426,43,6),(427,43,7),(429,44,7),(434,45,7),(430,46,6),(431,46,7),(435,47,7),(432,48,6),(433,48,7),(436,49,5),(437,50,5),(428,51,5),(348,52,5),(446,53,7),(438,54,7),(443,55,7),(442,55,8),(441,56,7),(440,56,8),(439,57,7),(445,58,5),(444,58,8),(373,59,4),(374,59,7),(371,60,4),(372,60,7),(447,61,4),(448,61,7),(364,62,4),(365,62,7);
/*!40000 ALTER TABLE `stonegarant_memorial_categories` ENABLE KEYS */;
UNLOCK TABLES;

--
-- Table structure for table `stonegarant_order`
--

DROP TABLE IF EXISTS `stonegarant_order`;
/*!40101 SET @saved_cs_client     = @@character_set_client */;
/*!40101 SET character_set_client = utf8 */;
CREATE TABLE `stonegarant_order` (
  `id` int(11) NOT NULL AUTO_INCREMENT,
  `memorial_id` int(11) NOT NULL,
  `email` varchar(150) NOT NULL,
  `calc_result` longtext,
  `user_phone` varchar(150) DEFAULT NULL,
  `user_name` varchar(150) DEFAULT NULL,
  `user_comment` longtext,
  `status` varchar(1) NOT NULL,
  `pub_date` datetime NOT NULL,
  PRIMARY KEY (`id`),
  KEY `stonegarant_order_b69ccb6a` (`memorial_id`),
  CONSTRAINT `memorial_id_refs_seoempoweredmodel_ptr_id_d0d7496c` FOREIGN KEY (`memorial_id`) REFERENCES `stonegarant_memorial` (`seoempoweredmodel_ptr_id`)
) ENGINE=InnoDB DEFAULT CHARSET=utf8;
/*!40101 SET character_set_client = @saved_cs_client */;

--
-- Dumping data for table `stonegarant_order`
--

LOCK TABLES `stonegarant_order` WRITE;
/*!40000 ALTER TABLE `stonegarant_order` DISABLE KEYS */;
/*!40000 ALTER TABLE `stonegarant_order` ENABLE KEYS */;
UNLOCK TABLES;

--
-- Table structure for table `stonegarant_readywork`
--

DROP TABLE IF EXISTS `stonegarant_readywork`;
/*!40101 SET @saved_cs_client     = @@character_set_client */;
/*!40101 SET character_set_client = utf8 */;
CREATE TABLE `stonegarant_readywork` (
  `id` int(11) NOT NULL AUTO_INCREMENT,
  `title` varchar(50) NOT NULL,
  `photo` varchar(100) DEFAULT NULL,
  `memorial_id` int(11) DEFAULT NULL,
  `description` longtext NOT NULL,
  PRIMARY KEY (`id`),
  KEY `stonegarant_readywork_b69ccb6a` (`memorial_id`),
  CONSTRAINT `memorial_id_refs_seoempoweredmodel_ptr_id_b355f956` FOREIGN KEY (`memorial_id`) REFERENCES `stonegarant_memorial` (`seoempoweredmodel_ptr_id`)
) ENGINE=InnoDB AUTO_INCREMENT=65 DEFAULT CHARSET=utf8;
/*!40101 SET character_set_client = @saved_cs_client */;

--
-- Dumping data for table `stonegarant_readywork`
--

LOCK TABLES `stonegarant_readywork` WRITE;
/*!40000 ALTER TABLE `stonegarant_readywork` DISABLE KEYS */;
INSERT INTO `stonegarant_readywork` VALUES (2,'Фигурный памятник № 50 \"Округлый прямой\"','uploads/ready/IMAG14891.jpg',59,''),(3,'Фигурный памятник № 11 \"Ветер\"','uploads/ready/IMAG16081.jpg',20,''),(4,'Фигурный памятник № 27 \"Сердце\"','uploads/ready/IMAG17351.jpg',36,''),(5,'Фигурный памятник № 50 \"Округлый прямой\"','uploads/ready/IMAG18461.jpg',59,''),(6,'Фигурный памятник № 39 \"Вечность 3\"','uploads/ready/S63001061.jpg',48,''),(7,'Фигурный памятник № 49 \"Трио\"','uploads/ready/IMAG16421.jpg',58,''),(8,'Фигурный памятник № 1 \"Гармония (с крестом) 5\"','uploads/ready/IMAG16671.jpg',10,''),(9,'Фигурный памятник № 46 \"Голубь 2\"','uploads/ready/IMAG11811.jpg',55,''),(10,'Фигурный памятник № 27 \"Сердце\"','uploads/ready/IMAG17241.jpg',36,''),(11,'Прямоугольный памятник № 53 \"Памятник Стандарт\"','uploads/ready/IMAG15051.jpg',62,''),(12,'Фигурный памятник № 49 \"Трио\"','uploads/ready/IMAG16911.jpg',58,''),(13,'Фигурный памятник № 38 \" Каменный цветок 2\"','uploads/ready/IMAG13311.jpg',47,''),(14,'Прямоугольный памятник № 53 \"Памятник Стандарт\"','uploads/ready/IMAG16161.jpg',62,''),(15,'Фигурный памятник № 35 \"Ветвь\"','uploads/ready/IMAG11831.jpg',44,''),(16,'Фигурный памятник № 52 \"Волна\"','uploads/ready/IMAG13231.jpg',61,''),(17,'Фигурный памятник № 51 \"Памятник с плечами\"','uploads/ready/IMAG15431.jpg',60,''),(18,'Фигурный памятник № 47 \"Голубь 1\"','uploads/ready/IMAG15471.jpg',56,''),(19,'Фигурный памятник № 20 \"Волна 1\"','uploads/ready/IMAG14421.jpg',29,''),(20,'Фигурный памятник № 39 \"Вечность 3\"','uploads/ready/IMAG16031.jpg',48,''),(21,'Фигурный памятник № 6 \"Факел\"','uploads/ready/IMAG17711.jpg',16,''),(22,'Фигурный памятник № 6 \"Факел\"','uploads/ready/IMAG17381.jpg',16,''),(23,'Фигурный памятник № 35 \"Ветвь\"','uploads/ready/IMAG09801.jpg',44,''),(24,'Фигурный памятник № 6 \"Факел\"','uploads/ready/IMAG09781.jpg',16,''),(25,'Фигурный памятник № 33 \"Лира ','uploads/ready/IMAG13951.jpg',42,''),(26,'Фигурный памятник № 19 \"Вероника\"','uploads/ready/IMAG13811.jpg',28,''),(27,'Фигурный памятник № 30 \"Лира 4\"','uploads/ready/IMAG13921.jpg',39,''),(28,'Фигурный памятник № 45 \"Тюльпан 1\"','uploads/ready/IMAG17521.jpg',54,''),(29,'Фигурный памятник № 39 \"Вечность 3\"','uploads/ready/IMAG17041.jpg',48,''),(30,'Авторская работа','uploads/ready/EjWWb6ONNNY1.jpg',NULL,''),(31,'Авторская работа','uploads/ready/y3n2fN4k73I.jpg',NULL,''),(32,'Авторская работа','uploads/ready/xMni5ZpH3pE.jpg',NULL,''),(33,'Авторская работа','uploads/ready/XIVGobmiBq4.jpg',NULL,''),(34,'Авторская работа','uploads/ready/WLptjkPMoJs.jpg',NULL,''),(35,'Авторская работа','uploads/ready/w8k11aq785k.jpg',NULL,''),(36,'Авторская работа','uploads/ready/VYVARSv9LRM.jpg',NULL,''),(37,'Авторская работа','uploads/ready/vOhSPGzzvmI.jpg',NULL,''),(38,'Авторская работа','uploads/ready/TViiqoqq2_w.jpg',NULL,''),(39,'Авторская работа','uploads/ready/tAcxjywCtAA.jpg',NULL,''),(40,'Авторская работа','uploads/ready/s8Dkl27JV8A.jpg',NULL,''),(41,'Авторская работа','uploads/ready/pPNVf16kxyA.jpg',NULL,''),(42,'Авторская работа','uploads/ready/O7nKkfsDTWs.jpg',NULL,''),(43,'Авторская работа','uploads/ready/nrjISbZpgt0.jpg',NULL,''),(44,'Авторская работа','uploads/ready/MlErCPaRXa8.jpg',NULL,''),(45,'Авторская работа','uploads/ready/LZT-zxSUXEM.jpg',NULL,''),(46,'Авторская работа','uploads/ready/lOOhjnlWla8.jpg',NULL,''),(47,'Авторская работа','uploads/ready/LepJG8gutEk.jpg',NULL,''),(48,'Авторская работа','uploads/ready/KG6TePuU2GA.jpg',NULL,''),(49,'Авторская работа','uploads/ready/j6sG9VWdQRY.jpg',NULL,''),(50,'Авторская работа','uploads/ready/iRSTXRh7G1E.jpg',NULL,''),(51,'Авторская работа','uploads/ready/HLAW8dFyFCo.jpg',NULL,''),(52,'Авторская работа','uploads/ready/HLAW8dFyFCo_1.jpg',NULL,''),(53,'Авторская работа','uploads/ready/G9RJ4oDyw8Q.jpg',NULL,''),(54,'Авторская работа','uploads/ready/78LX-w5Am-o.jpg',NULL,''),(55,'Авторская работа','uploads/ready/G7b15uQLknc.jpg',NULL,''),(56,'Авторская работа','uploads/ready/DZW7Yzq3ln8.jpg',NULL,''),(57,'Авторская работа','uploads/ready/cpGycl2D1j4.jpg',NULL,''),(58,'Авторская работа','uploads/ready/CLkuVRhKVz0.jpg',NULL,''),(59,'Авторская работа','uploads/ready/AF1BaDn8BoU.jpg',NULL,''),(60,'Авторская работа','uploads/ready/4OAUlelXVVg.jpg',NULL,''),(61,'Авторская работа','uploads/ready/3cgQIp8a57o.jpg',NULL,''),(62,'Авторская работа','uploads/ready/2wn3Ivh44ro.jpg',NULL,''),(63,'Авторская работа','uploads/ready/0-i5sYd7rAY.jpg',NULL,''),(64,'Авторская работа','uploads/ready/se1HGxkPs-0.jpg',NULL,'');
/*!40000 ALTER TABLE `stonegarant_readywork` ENABLE KEYS */;
UNLOCK TABLES;

--
-- Table structure for table `stonegarant_reply`
--

DROP TABLE IF EXISTS `stonegarant_reply`;
/*!40101 SET @saved_cs_client     = @@character_set_client */;
/*!40101 SET character_set_client = utf8 */;
CREATE TABLE `stonegarant_reply` (
  `id` int(11) NOT NULL AUTO_INCREMENT,
  `reply` longtext,
  `preson` varchar(50) DEFAULT NULL,
  PRIMARY KEY (`id`)
) ENGINE=InnoDB AUTO_INCREMENT=18 DEFAULT CHARSET=utf8;
/*!40101 SET character_set_client = @saved_cs_client */;

--
-- Dumping data for table `stonegarant_reply`
--

LOCK TABLES `stonegarant_reply` WRITE;
/*!40000 ALTER TABLE `stonegarant_reply` DISABLE KEYS */;
INSERT INTO `stonegarant_reply` VALUES (6,'<p>Добрый день! Хочу сказать спасибо всем кто занимался изготовлением моего памятника, все очень быстро, качественно, особенно понравился портрет, получился очень живой. Желаю процветания вашей фирме. Еще раз спасибо<br></p>','Марина Владимировна'),(7,'<p>Спасибо большое за качественную работу. Памятник оказался лучше чем на фотографиии камень- очень красивый.Очень хорошо выполнен портрет и надписи. А главное очень удобно,не бегать с заказом по местным бюро, а прямо из дома через интернет вести переговоры и обсуждать детали.Порадовала и явная экономия, даже с доставкой памятник оказался намного дешевле чем в нашем городе.<br></p>','Карп Дмитрий'),(8,'<p>Огромное спасибо!&nbsp;</p>','Александр г.Нижний Новгород'),(9,'<p>Заказывала фигурный памятник, который мне доставили на днях. Хочется отметить высокий уровень профессионализма в работе с клиентами сотрудника Альберта Осмоловского - Тактичность! Вежливость! Выдержка! Исключительно индивидуальный подход! Приятно работать с таким человеком!!! После отправки необходимой текстовки и фото, получила готовый макет буквально через несколько часов. В решении вопроса по изменению размеров подставки и цветника получила грамотные консультации и опять же, просчет цены вопроса - без промедления. Качество гравировки понравилось. Камень глубокого черного цвета. Памятник получился красивый! По стоимости - сэкономила 30% как минимум, в сравнении с ценами московских фирм, осуществляющих такого же рода услуги, ни говоря уже о заказе через контору при кладбище. Возможность услуги хранения (бесплатного) уже готового памятника тоже является плюсом. Суммируя все вышесказанное - СПАСИБО ЗА ВАШ ПРОФЕССИОНАЛИЗМ!!!<br></p>\r\n','Юлия г.Москва'),(10,'<p>Добрый день! Мы в первый раз заказывали в интернет-магазине. Поначалу было очень сложно разобраться, но вежливый молодой человек все объяснил нам по телефону. Мы до конца боялись, что это все обман и деньги нам не вернут. Особенно когда из-за транспортной компании вышла задержка доставки в Сургут. Но получается, что мы зря беспокоились! Памятник мы получили и установили. Претензий к камню и портрету нет. Спасибо большое сайту!&nbsp;</p>','Мария Ивановна г. Сургут'),(11,'<p>В семье случилось горе, умер близкий &nbsp;человек. В начале как в тумане, куда тебя ведет похоронное бюро, туда ты и идешь, поскольку соображать начинаешь только позже, когда боль станет чуть тише. Очень важно, чтобы в эти минуты &nbsp;оказались рядом &nbsp;не просто профессионалы, а люди &nbsp;умеющие сопереживать и понимать состояние &nbsp;людей переживающих утрату близкого человека, а главное чтобы они были честны, и не старались воспользоваться &nbsp;ситуацией для получения выгоды.<br>Я обошла много &nbsp; конторок изготавливающих памятники за баснословные деньги, пока не поняла что все они &nbsp;заказывают &nbsp;памятники в одном месте. Так я познакомилась с Альбертом Осмоловским, который сразу откликнулся &nbsp;и очень внимательно отнесся к &nbsp;оформлению заказа. Все мои &nbsp;многочисленные просьбы и пожелания были &nbsp;терпеливо рассмотрены и &nbsp;показаны на макетах и &nbsp;когда &nbsp;выбор был сделан достаточно быстро изготовлен. А что ещё более ценно -доставка произошла практически мгновенно и по тому адресу который я указала. Спасибо &nbsp;огромное, Альберт! И дай Вам бог здоровья и благополучия!<br></p>','Алла Васильевна г.Москва'),(12,'<p>Большое спасибо компании Stone-Garant. Работа была выполнена гораздо раньше назначенного срока и качественно. Так оказалась очень приятная цена. Спасибо еще раз.<br></p>','Илона г. Москва'),(13,'<p>Альберт хочу выразить Вам и Вашим коллегам благодарность за отличное изготовление памятника и внимательное отношение! &nbsp;Спасибо Вам большое! Все установили, все очень понравилось! Буду рекомендовать Вас своим знакомым!</p>\r\n','Олег г. Москва'),(15,'<p>Большое спасибо вам за оказанную помощь и внимание.</p><p>Памятник пришел в отличном состоянии. Качество полностью устраивает.</p><p>Очень рада , что обратилась именно к Вам, было приятно с Вами работать<br></p>','Оксана М. г. Москва'),(16,'<p>Боялись заказывать через интернет памятник. Но все сделали точно и в срок. Никаких нареканий! Спасибо STONE-GARANT.RU за проделанную работу! Наша семья осталась очень довольной!&nbsp;</p><p>Ольга Владимировна г. Сургут</p>',''),(17,'<p>Хочу выразить блогодарность Альберту за то, что чутко отнесся к нашему заказу. Памятник сделали таким как мы и хотели. Спасибо!&nbsp;</p><p>Евгений г. Санкт-Петербург</p>','');
/*!40000 ALTER TABLE `stonegarant_reply` ENABLE KEYS */;
UNLOCK TABLES;

--
-- Table structure for table `stonegarant_seoarticle`
--

DROP TABLE IF EXISTS `stonegarant_seoarticle`;
/*!40101 SET @saved_cs_client     = @@character_set_client */;
/*!40101 SET character_set_client = utf8 */;
CREATE TABLE `stonegarant_seoarticle` (
  `id` int(11) NOT NULL AUTO_INCREMENT,
  `title` varchar(50) NOT NULL,
  `description` longtext,
  `memorial_id` int(11) DEFAULT NULL,
  `category_id` int(11) DEFAULT NULL,
  PRIMARY KEY (`id`),
  KEY `stonegarant_seoarticle_b69ccb6a` (`memorial_id`),
  KEY `stonegarant_seoarticle_42dc49bc` (`category_id`),
  CONSTRAINT `category_id_refs_seoempoweredmodel_ptr_id_ba42f750` FOREIGN KEY (`category_id`) REFERENCES `stonegarant_category` (`seoempoweredmodel_ptr_id`),
  CONSTRAINT `memorial_id_refs_seoempoweredmodel_ptr_id_e98b8b82` FOREIGN KEY (`memorial_id`) REFERENCES `stonegarant_memorial` (`seoempoweredmodel_ptr_id`)
) ENGINE=InnoDB AUTO_INCREMENT=3 DEFAULT CHARSET=utf8;
/*!40101 SET character_set_client = @saved_cs_client */;

--
-- Dumping data for table `stonegarant_seoarticle`
--

LOCK TABLES `stonegarant_seoarticle` WRITE;
/*!40000 ALTER TABLE `stonegarant_seoarticle` DISABLE KEYS */;
INSERT INTO `stonegarant_seoarticle` VALUES (1,'Эксклюзив','<p>Эксклюзивные памятники<br></p>\r\n',NULL,8);
/*!40000 ALTER TABLE `stonegarant_seoarticle` ENABLE KEYS */;
UNLOCK TABLES;

--
-- Table structure for table `stonegarant_seoempoweredmodel`
--

DROP TABLE IF EXISTS `stonegarant_seoempoweredmodel`;
/*!40101 SET @saved_cs_client     = @@character_set_client */;
/*!40101 SET character_set_client = utf8 */;
CREATE TABLE `stonegarant_seoempoweredmodel` (
  `id` int(11) NOT NULL AUTO_INCREMENT,
  `seo_keywords` varchar(50) DEFAULT NULL,
  `seo_description` varchar(50) DEFAULT NULL,
  `meta_title` varchar(50) DEFAULT NULL,
  PRIMARY KEY (`id`)
) ENGINE=InnoDB AUTO_INCREMENT=73 DEFAULT CHARSET=utf8;
/*!40101 SET character_set_client = @saved_cs_client */;

--
-- Dumping data for table `stonegarant_seoempoweredmodel`
--

LOCK TABLES `stonegarant_seoempoweredmodel` WRITE;
/*!40000 ALTER TABLE `stonegarant_seoempoweredmodel` DISABLE KEYS */;
INSERT INTO `stonegarant_seoempoweredmodel` VALUES (4,'','',''),(5,'','',''),(6,'','',''),(7,'','',''),(8,'увеличить лимит до 300 знаков','увеличить лимит до 300 знаков','увеличить лимит до 300 знаков'),(9,'','',''),(10,'','',''),(11,'','',''),(12,'','',''),(13,'','',''),(14,'','',''),(15,'','',''),(16,'','',''),(17,'','',''),(18,'','',''),(19,'','',''),(20,'','',''),(21,'','',''),(22,'','',''),(23,'','',''),(24,'','',''),(25,'','',''),(26,'','',''),(27,'','',''),(28,'','',''),(29,'','',''),(30,'','',''),(31,'','',''),(32,'','',''),(33,'','',''),(34,'','',''),(35,'','',''),(36,'','',''),(37,'','',''),(38,'','',''),(39,'','',''),(40,'','',''),(41,'','',''),(42,'','',''),(43,'','',''),(44,'','',''),(45,'','',''),(46,'','',''),(47,'','',''),(48,'','',''),(49,'','',''),(50,'','',''),(51,'','',''),(52,'','',''),(53,'','',''),(54,'','',''),(55,'','',''),(56,'','',''),(57,'','',''),(58,'','',''),(59,'','',''),(60,'','',''),(61,'','',''),(62,'','',''),(63,'','',''),(64,'','',''),(65,'','',''),(66,'','',''),(67,'','',''),(68,'','',''),(69,'','',''),(70,'','',''),(71,'','',''),(72,'фирмы по изготовлению памятников','Наша мастерская по изготовлению памятников работае','Преимущества нашей мастерской Stone-Garant');
/*!40000 ALTER TABLE `stonegarant_seoempoweredmodel` ENABLE KEYS */;
UNLOCK TABLES;

--
-- Table structure for table `stonegarant_staticpage`
--

DROP TABLE IF EXISTS `stonegarant_staticpage`;
/*!40101 SET @saved_cs_client     = @@character_set_client */;
/*!40101 SET character_set_client = utf8 */;
CREATE TABLE `stonegarant_staticpage` (
  `seoempoweredmodel_ptr_id` int(11) NOT NULL,
  `title` varchar(50) NOT NULL,
  `slug` varchar(255) NOT NULL,
  `description` longtext,
  PRIMARY KEY (`seoempoweredmodel_ptr_id`),
  CONSTRAINT `seoempoweredmodel_ptr_id_refs_id_dcd98b19` FOREIGN KEY (`seoempoweredmodel_ptr_id`) REFERENCES `stonegarant_seoempoweredmodel` (`id`)
) ENGINE=InnoDB DEFAULT CHARSET=utf8;
/*!40101 SET character_set_client = @saved_cs_client */;

--
-- Dumping data for table `stonegarant_staticpage`
--

LOCK TABLES `stonegarant_staticpage` WRITE;
/*!40000 ALTER TABLE `stonegarant_staticpage` DISABLE KEYS */;
INSERT INTO `stonegarant_staticpage` VALUES (63,'О КОМПАНИИ','o-kompanii','<p></p><p>Наша мастерская по\r\nизготовлению памятников славится своими\r\nпрофессиональными сотрудниками, ведь\r\nони выполняют всю работу качественно\r\nи в срок. Для обработки и изготовления\r\nнадгробий мы используем только передовые\r\nтехнологии. Это является ключевым\r\nмоментом в процессе изготовления\r\nнадгробий. \r\n</p>\r\n<p><span style=\"line-height: 1.45em;\">Выполнение гравировки\r\nи нанесение изображения происходит в\r\nточном соответствии с пожеланиями\r\nзаказчика. Надписи и изображения\r\nнаносятся посредством использования\r\nспециального оборудования, которым\r\nоснащена наша мастерская по изготовлению\r\nпамятников. Для нас нет неразрешимых\r\nзадач, любой узор, эпитафия, которую\r\nжелает видеть на надгробии заказчик,\r\nбудет исполнена в самом лучшем виде.</span></p><p><span style=\"line-height: 1.45em;\"><img src=\"http://stone-garant.ru/static/stonegarant/sved.jpg\" style=\"width: 491.9020172910663px; height: 676px;\"><br></span></p><p><span style=\"line-height: 1.45em;\">ООО «Риткам»<br>\r\nИНН&nbsp;1001268637&nbsp;/ КПП&nbsp;100101001<br>\r\nОКПО&nbsp;09741353&nbsp;/ ОГРН&nbsp;1101001009977<br>\r\n185014, Республика Карелия,<br>\r\nг.Петрозаводск, ул. Кирова , д.7, кв. 8<br>\r\nр/сч&nbsp;40702810325000107125&nbsp;«Отделение № 8628 Сбербанка России»<br>\r\nБИК&nbsp;048602673&nbsp;г.Петрозаводск<br>\r\nк/сч&nbsp;30101810600000000673&nbsp;<br>\r\nДиректор: Анциферов Павел Евгеньевич<br></span></p><p></p>\r\n'),(64,'Преимущества','preimushchestva','<p></p><p><b>1. Широкий ассортимент\r\nпродукции</b></p>\r\n<p>Выбирайте из более\r\nчем 50 моделей памятников (ссылка на\r\nкаталог), которые удовлетворят даже\r\nсамого изысканного заказчика. Также на\r\nсайте можно сделать полную калькуляцию\r\nзаказа. Мы также принимаем заявки на\r\nпамятники по вашим эскизам. \r\n</p>\r\n<p><b>2. Натуральный черный\r\nгранит</b></p>\r\n<p>Наша компания работает\r\nтолько с натуральным монолитным черным\r\nгранитом из карьеров в Карелии. Мы\r\nзаботимся о качестве продукции и выбираем\r\nтолько лучшие камни \r\n</p>\r\n<p><b>3. Действительно низкие\r\nцены</b></p>\r\n<p>Вы получаете памятник\r\nбез посредников и переплат в Ваш город.\r\nПросто  проверьте. Благодаря тому, что\r\nпамятник приезжает напрямую без\r\nпосредников, вы экономите от 10% до 80%! На\r\nнашем сайте есть калькулятор, что поможет\r\nподробно рассчитать стоимость заказа.</p>\r\n<p><b>4. Доставка по всей\r\nРоссии</b></p>\r\n<p>Мы доставим памятник\r\nв любую точку России за очень  низкую\r\nцену. Благодаря современной логистике\r\nмы можем доставить памятник в любой\r\nгород России. Весь груз страхуется и\r\nдополнительно проходит процедуры\r\nобрешечивания и упаковывания в деревянный\r\nкороб.</p>\r\n<p><b>5. Акции и скидки.</b></p>\r\n<p>На нашей сайте постоянно\r\nдействуют распродажи и скидки на\r\nпамятники. \r\n</p>\r\n<p>При заказе 3-х и более\r\nпамятников - <b>3-5 %</b> скидка. \r\n</p>\r\n<p>При заказе на сумму\r\nболее 50 тыс. – <b>3 %</b></p><br><p></p>\r\n'),(65,'ОПЛАТА И ДОСТАВКА','oplata-i-dostavka','<p><b>Оплата</b></p>\r\n<p>Оплата производится\r\nдвумя частями: 50% после составления\r\nдоговора и утверждения макетов памятника,\r\n50% после того, как мы вышлем на электронный\r\nадрес фото готового памятника. (см. этапы\r\nзаказа)</p>\r\n<p><b>Доставка</b></p>\r\n<p>Мы доставляем памятники\r\nв любой регион России такими логистическими\r\nкомпаниями, как «ПЭК», «Ратэк», «Деловые\r\nлинии» и др. Каждый груз проходит\r\nпроцедуру страхования, обрешечивания\r\nи создания жесткой упаковки, благодаря\r\nчему он может доехать до любой точки\r\nРоссии.</p>\r\n'),(66,'ГРАВИРОВКА','gravirovka','<p>Мы предоставляем\r\nуслуги станочной гравировки. Станочная\r\nгравировка делается на специальном\r\nгравировальном станке под  управлением\r\nкомпьютерной программы и постоянным\r\nконтролем мастера. Ключевое значение\r\nимеет уровень специалиста. Все гравировщики\r\nв нашей компании имеют стаж более 5 лет\r\nработы с камнем. При этом станочная\r\nгравировка обеспечивает 100%-ое сходство\r\nс оригинальной фотографией. Кроме того,\r\nочень важно&nbsp;качество предоставленной\r\nфотографии, поскольку от этого напрямую\r\nзависит будет ли похож портрет на\r\nчеловека, которому ставят памятник. \r\n</p>\r\n<p>Сама услуга гравировки\r\nоплачивается дополнительно по следующим\r\nрасценкам:</p>\r\n<p><b>Портрет</b></p>\r\n\r\n<p>-&nbsp;<b>формат А4 - 2500\r\nруб.</b></p>\r\n<p><b>- формата  А3 - 4000\r\nруб.&nbsp;</b></p>\r\n\r\n<p>При этом другие размеры\r\nпортретов рассчитываются индивидуально.&nbsp;Если\r\nпредоставленная заказчиком фотография\r\nплохого качества, то наши специалисты\r\nмогут обработать ее, предварительно\r\nсогласовав все детали с Вами.</p>\r\n<p><b>- стандартная ретушь\r\nпортрета – 200 руб.</b></p>\r\n<p><span style=\"line-height: 1.45em;\"><br></span></p><p><b style=\"line-height: 1.45em;\">Надписи и эпитафия</b><br></p>\r\n\r\n<p>Возможно нанесение\r\nнадписей на любых языках, в том числе\r\nна английском и арабском.</p>\r\n<p>Стоимость нанесения\r\nодного печатного знака составляет:</p>\r\n\r\n<p><b>- 30 руб.</b></p><p>Обычно на памятнике\r\nпишут  ФИО,  дату рождения и дату смерти\r\nусопшего. Также, часто добавляют эпитафию.\r\nНа нашем сайте, в форме заказа памятника,\r\nмы предлагаем различные варианты готовых\r\nэпитафий. Кроме того, вы можете сочинить\r\nэпитафию самостоятельно. При оформлении\r\nзаказа обратите внимание на правописание\r\nимени, фамилии и дат.&nbsp;</p>\r\n<p><b>Изображения</b></p>\r\n\r\n<p>Помимо портрета, Вы\r\nможете заказать нанесение различного\r\nрода рисунков. Выбрать рисунок Вы можете\r\nиз нашего каталога, либо предоставить\r\nсвой. Например, погибшим на войне\r\nтанкистам изображают танк, летчикам -\r\nсамолет и т.д. Место размещения рисунка\r\nили картинки на памятнике вам следует\r\nуказать в форме заказа в поле «Дополнительные\r\nпожелания». Если Вы желаете разместить\r\nкартинку большого размера (пейзаж,\r\nавтомобиль, строение и т. п.), Вам необходимо\r\nсогласовать все детали и вопросы с\r\nменеджером по телефону, после оформления\r\nзаказа на сайте.</p>\r\n\r\n<p>Типовой рисунок имеет\r\nразмеры от 6х6 см. до 12х12 см. и его\r\nприблизительная стоимость составляет:</p>\r\n\r\n<p><b>- от 800 руб. до 1000 руб</b>.</p>'),(67,'Контакты','kontakty','<p></p><p>Звоните по телефону единой <b>бесплатной</b>\r\nлинии:  <b>8 800 775-86-24</b>.&nbsp;</p><p>Наш менеджер ответит на любые интересующие вас вопросы (города доставки, оплата, гарантии).</p><p>Поможет рассчитать смету заказа и подобрать памятник.</p><p>Узнать, на каком этапе находится заказ.</p><p><br></p><p><span style=\"line-height: 1.45em;\">Мы работаем с <b>9.00 до 21.00</b> по московскому\r\nвремени <b>без выходных</b></span><br></p><p><span style=\"line-height: 1.45em;\"><b><br></b></span></p>\r\n<p>Адрес электронной\r\nпочты: <a href=\"mailto:info@stone-garant.ru\">info@stone-garant.ru</a></p><p>Также вы можете отправить на почту письмо с координатами (укажите время и дату) и менеджер сам перезвонит вам!</p><p><br></p>\r\n<p>Телефон менеджера:\r\n8-911-016-54-82</p>\r\n'),(68,'ЭТАПЫ ЗАКАЗА','etapy-zakaza','<p><b>Этап 1.</b></p>\r\n<p>Вы делаете заказ на\r\nсайте, после чего вам приходит информация\r\nо заказе на электронную почту, а также\r\nперезванивает наш менеджер</p>\r\n<p><b>Этап 2.</b></p>\r\n<p>Составление макетов\r\nпамятника. На этом этапе мы утверждаем\r\nрасположение портрета, шрифты и тд, то\r\nесть все, что касается гравировки. \r\n</p>\r\n<p><b>Этап 3.</b></p>\r\n<p>Составление договора</p>\r\n<p><b>Этап 4. \r\n</b></p>\r\n<p>Оплата 50%</p>\r\n<p><b>Этап 5.</b></p>\r\n<p>Изготовление \r\n</p>\r\n<p>На изготовление\r\nотводится 20 дней с момента оплаты. \r\n</p>\r\n<p><b>Этап 6. \r\n</b></p>\r\n<p>Фото готового памятника.</p>\r\n<p>На е-мейл мы отправляем\r\nвам фото готового памятника со всех\r\nракурсов</p>\r\n<p><b>Этап 7. \r\n</b></p>\r\n<p>Оплата 50%</p>\r\n<p><b>Этап 8.&nbsp;</b></p><p>Доставка</p>\r\n<p>Мы составляем заявку\r\nна доставку памятника в ваш город.</p>\r\n<p><b>Этап 9.</b></p>\r\n<p>После того, как памятник\r\nприезжает в ваш город, вам перезванивает\r\nсотрудник транспортной компании и\r\nуточняет время, когда вам удобно забрать\r\nпамятник со склада или оформить доставку\r\n«до двери».</p>'),(69,'Акции и скидки','aktsii-i-skidki','<p></p><p>Внимание! Вы можете воспользоваться услугой <b>бесплатного хранения </b>на нашем складе.</p><p><br></p>\r\n\r\n<p>При заказе 3-х и более памятников - 3-5 % скидка. </p>\r\n\r\nПри заказе на сумму более 50 тыс. – 3 %<br><p></p>\r\n'),(70,'Работы','raboty',''),(71,'Рассчитать заказ','rasschitat-zakaz','<p><br></p><p>Напишите нам на почту&nbsp;<b>info@stone-garant.ru</b>&nbsp;и менеджер поможет вам составить полную смету на памятник. В письме необходимо указать № памятника, тип полировки (лицевая, круговая), желаемые надписи на памятник, формат портрета, а также город доставки.&nbsp;</p><p>Кроме того, вы можете позвонить по единому <b>бесплатному</b> номеру 8 800 775-86-24 и менеджер составит смету и даст другие рекомендации в течение одного звонка.&nbsp;</p><p>Мы работаем с 9.00 до 21.00 по московскому времени без выходных.&nbsp;</p><p>Отправлять заявки по почте можно круглосуточно. Расчет сметы придет в рабочие часы.&nbsp;</p>\r\n'),(72,'Преимущества нашей мастерской','preimushchestva-nashei-masterskoi','<h1>Преимущества нашей мастерской надгробных памятников</h1>\r\n<p>Одним из главных требований, предъявляемым\r\nк памятникам, является его крепость и долговечность. Как правило, такими\r\nпоказателями отличаются надгробные памятники, выполненные из габбро диабаза.\r\nОсновным преимуществом нашей <b>фирмы по\r\nизготовлению памятников</b> является то, что мы используем для работы только\r\nгаббро диабаз, материал природного происхождения карельского месторождения. </p>\r\n<p>Отличительными свойствами этого материала\r\nявляется то, что он прекрасно поддается обработке, не теряя при этом своих\r\nпрочностных свойств. Памятники из карельского габбро диабаза в нашем исполнении\r\nявляются поистине настоящим произведением искусства. </p>\r\n<p>Многие<b>\r\nфирмы по изготовлению памятников</b>, предлагают своим клиентам такие\r\nматериалы, как базальт, мрамор, однако наша компания специализируется\r\nисключительно на габбро диабазе. Этот материал относится к разряду элитных, а его\r\nвид во много раз превосходит ритуальные сооружения из вышеназванных вариантов.\r\nКарельский габбро-диабаз обладает насыщенным черным цветом, что придает ему\r\nвеличавость и монументальность. Из этого материала получаются красивые изделия,\r\nкоторые выглядят по-настоящему достойно. </p>\r\n<h3>Наши преимущества</h3>\r\n<p>Наша <b>мастерская\r\nпо изготовлению памятников</b> славится своими профессиональными сотрудниками, ведь\r\nони выполняют всю работу качественно и в срок. Для обработки и изготовления\r\nнадгробий мы используем только передовые технологии. Это является ключевым\r\nмоментом в процессе изготовления надгробий. </p>\r\n<p>Выполнение гравировки и нанесение\r\nизображения происходит в точном соответствии с пожеланиями заказчика. Надписи и\r\nизображения наносятся посредством использования специального оборудования, которым\r\nоснащена наша <b>мастерская по изготовлению\r\nпамятников</b>. Для нас нет неразрешимых задач, любой узор, эпитафия, которую\r\nжелает видеть на надгробии заказчик, будет исполнена в самом лучшем виде. </p>\r\n<p>Все работы выполняют только профессионалы\r\nвысокого уровня. Консультанты нашей компании предоставят исчерпывающую\r\nинформацию о продуктах и материалах, которые мы используем, а так же ответят на\r\nвсе вопросы, связанные с доставкой и оплатой памятников. </p>\r\n\r\n<p></p>\r\n\r\n<h3>Выбор\r\nфирмы-изготовителя памятников</h3>\r\n<p>На сегодняшний день <i>фирм по изготовлению памятников</i> существует огромное множество. Однако\r\nпри выборе компании для выполнения заказа следует отталкиваться не от цены, а\r\nот качества конечного продукта. Ведь память о близком человеке будет\r\nолицетворена именно в его надгробии, а излишняя экономия может в конечном итоге\r\nпривести к тому, что качество памятника будет оставлять желать лучшего. </p>\r\n<p>Естественно, что человек должен выбрать то,\r\nчто наиболее подходит ему, однако при выборе <b>фирмы по изготовлению памятников</b> стоит учесть все характеристики компании.\r\nМы предлагаем своим клиентам высококачественный материал, являющийся достойным\r\nво всех отношениях, как по качеству, так и по красоте, профессиональных\r\nисполнителей заказа, высокотехнологичное оборудование и многое другое, что в\r\nконечном итоге повлияет на результат. А памятник, призванный быть воплощением\r\nпамяти и любви к родному человеку, будет действительно достойным.</p>\r\n\r\n<br><p></p>');
/*!40000 ALTER TABLE `stonegarant_staticpage` ENABLE KEYS */;
UNLOCK TABLES;

--
-- Table structure for table `tastypie_apiaccess`
--

DROP TABLE IF EXISTS `tastypie_apiaccess`;
/*!40101 SET @saved_cs_client     = @@character_set_client */;
/*!40101 SET character_set_client = utf8 */;
CREATE TABLE `tastypie_apiaccess` (
  `id` int(11) NOT NULL AUTO_INCREMENT,
  `identifier` varchar(255) NOT NULL,
  `url` varchar(255) NOT NULL,
  `request_method` varchar(10) NOT NULL,
  `accessed` int(10) unsigned NOT NULL,
  PRIMARY KEY (`id`)
) ENGINE=InnoDB DEFAULT CHARSET=utf8;
/*!40101 SET character_set_client = @saved_cs_client */;

--
-- Dumping data for table `tastypie_apiaccess`
--

LOCK TABLES `tastypie_apiaccess` WRITE;
/*!40000 ALTER TABLE `tastypie_apiaccess` DISABLE KEYS */;
/*!40000 ALTER TABLE `tastypie_apiaccess` ENABLE KEYS */;
UNLOCK TABLES;

--
-- Table structure for table `tastypie_apikey`
--

DROP TABLE IF EXISTS `tastypie_apikey`;
/*!40101 SET @saved_cs_client     = @@character_set_client */;
/*!40101 SET character_set_client = utf8 */;
CREATE TABLE `tastypie_apikey` (
  `id` int(11) NOT NULL AUTO_INCREMENT,
  `user_id` int(11) NOT NULL,
  `key` varchar(256) NOT NULL,
  `created` datetime NOT NULL,
  PRIMARY KEY (`id`),
  UNIQUE KEY `user_id` (`user_id`),
  KEY `tastypie_apikey_45544485` (`key`(255)),
  CONSTRAINT `user_id_refs_id_56bfdb62` FOREIGN KEY (`user_id`) REFERENCES `auth_user` (`id`)
) ENGINE=InnoDB DEFAULT CHARSET=utf8;
/*!40101 SET character_set_client = @saved_cs_client */;

--
-- Dumping data for table `tastypie_apikey`
--

LOCK TABLES `tastypie_apikey` WRITE;
/*!40000 ALTER TABLE `tastypie_apikey` DISABLE KEYS */;
/*!40000 ALTER TABLE `tastypie_apikey` ENABLE KEYS */;
UNLOCK TABLES;
/*!40103 SET TIME_ZONE=@OLD_TIME_ZONE */;

/*!40101 SET SQL_MODE=@OLD_SQL_MODE */;
/*!40014 SET FOREIGN_KEY_CHECKS=@OLD_FOREIGN_KEY_CHECKS */;
/*!40014 SET UNIQUE_CHECKS=@OLD_UNIQUE_CHECKS */;
/*!40101 SET CHARACTER_SET_CLIENT=@OLD_CHARACTER_SET_CLIENT */;
/*!40101 SET CHARACTER_SET_RESULTS=@OLD_CHARACTER_SET_RESULTS */;
/*!40101 SET COLLATION_CONNECTION=@OLD_COLLATION_CONNECTION */;
/*!40111 SET SQL_NOTES=@OLD_SQL_NOTES */;

-- Dump completed on 2014-05-12  7:50:54
